run_seed,generation,population_size,feasible_count,feasible_fraction,static_infeasible_count,dynamic_infeasible_count,best_feasible_objective,median_feasible_objective,worst_feasible_objective,best_normalized_infeasible_violation,mean_normalized_gene_diversity,best_chromosome_key,cumulative_candidate_placements,cumulative_unique_evaluations,cumulative_mission_calls,cumulative_cache_hits,elapsed_wall_time_s,material_improvement,stagnation_counter
20260808,0,64,11,0.171875,34,19,48536.880130153375,46277.820497826324,1034.2101466636523,0.0005010974954649328,0.2770299861248384,plant-thermostat-chromosome-v1:d6d73e2b8e103f1b578991546008ecdcb78d33a929e20406ca6be58bb2b9bfd9,64,64,30,0,10.046293999999762,True,0
20260808,1,64,15,0.234375,43,6,48536.880130153375,42771.93945992057,980.9502135843549,0.0005010974954649328,0.24570590309490883,plant-thermostat-chromosome-v1:d6d73e2b8e103f1b578991546008ecdcb78d33a929e20406ca6be58bb2b9bfd9,126,125,48,1,17.47120990010444,False,1
20260808,2,64,10,0.15625,36,18,48536.880130153375,45938.29797426633,4124.489119384751,7.705240130936393e-05,0.2261529653078865,plant-thermostat-chromosome-v1:d6d73e2b8e103f1b578991546008ecdcb78d33a929e20406ca6be58bb2b9bfd9,188,186,74,2,28.58715810009744,False,2
20260808,3,64,15,0.234375,40,9,49256.37521554405,46032.735809695965,28300.13437740324,7.705240130936393e-05,0.17958682033654347,plant-thermostat-chromosome-v1:e6f36920034893520166eadbbfcbd72021e2ee09ad82bbc068543de1635a8931,250,248,96,2,39.85543500003405,True,0
20260808,4,64,30,0.46875,30,4,49327.8586993588,46213.94858205166,27438.75688511467,5.432878727200811e-05,0.1416846127847435,plant-thermostat-chromosome-v1:2b4b5d74e244edcde5101e5d4eb55a846e2d02b93d4ccda02047917d9e8265d0,312,308,126,4,59.19257070007734,True,0
20260808,5,64,36,0.5625,23,5,49722.87942910312,47809.78925972007,24736.088638681995,4.692277495773093e-05,0.12460291721889473,plant-thermostat-chromosome-v1:a859cd855c68cd0c9cf9de510f36b1fe2f6288051227a6299b8371acce274e40,374,368,163,6,84.60807519999798,True,0
20260808,6,64,48,0.75,11,5,50887.77444022566,48565.371099248965,27254.795458981804,0.00011459749074049341,0.09997622223931386,plant-thermostat-chromosome-v1:7e45713bbba82157e38d9acf8283fd055f35c5d0d08fab5ac79b6ca8ea46e881,436,429,213,7,120.42352120007854,True,0
20260808,7,64,44,0.6875,13,7,51359.68687992803,49051.80160551793,29100.0,0.0017923380872717114,0.07186113309433619,plant-thermostat-chromosome-v1:d0d8dc6a0c2ddae8a60eb248c585523c432bee3fe4bb2f55879e3400fcdee388,498,485,257,13,155.46353910001926,True,0
20260808,8,64,51,0.796875,10,3,51677.61810908875,49210.48750326295,44098.91463881634,0.0015587021539770704,0.06466324355612922,plant-thermostat-chromosome-v1:b3c05c03228754e9182ed93b196f72e48e6f9c4ce139eda112deecb095cef0a9,560,546,308,14,197.48591460008174,True,0
20260808,9,64,53,0.828125,6,5,51677.61810908875,50064.8586449522,47138.63005419832,0.007270250404053826,0.041908128588810684,plant-thermostat-chromosome-v1:b3c05c03228754e9182ed93b196f72e48e6f9c4ce139eda112deecb095cef0a9,622,606,362,16,245.85477340000216,False,1
20260808,10,64,53,0.828125,8,3,51902.5724502789,50576.4791018015,48001.315378337524,0.00036123110304615424,0.04666085923973972,plant-thermostat-chromosome-v1:64656bfd2ae40b31447d7b72fdc457f7ae59581d33bce5ec01db6320c6b60b09,684,665,413,19,296.74786800006405,True,0
20260808,11,64,52,0.8125,9,3,52085.16037996038,50885.83296620277,48392.36896325568,0.00487087498040898,0.04412877754006741,plant-thermostat-chromosome-v1:0b97f7a6b7e3998a2e3fd879526831733c080fb5821ec52152afa39c400faa2c,746,723,462,23,347.30061560007744,True,0
20260808,12,64,55,0.859375,9,0,52150.02089784311,51299.48323146826,45577.59543463677,0.0023468729366095736,0.03851114579485975,plant-thermostat-chromosome-v1:0d1d187475c16787593c832a375711290988427d94d2904cd4b2d72ac8d97b8a,808,781,511,27,398.710838100058,True,0
20260808,13,64,55,0.859375,9,0,52302.676505445364,51504.187901286256,47963.88532806311,0.0004967218843800232,0.03816607272918296,plant-thermostat-chromosome-v1:037695497a8128a9e88ed9a059fc825aad8d1b25abdfdcd7d82c5767778e31e5,870,843,564,27,456.54170810000505,True,0
20260808,14,64,50,0.78125,9,5,52302.676505445364,51703.51424373836,49160.58234624065,0.0035667254844489703,0.0426554354221454,plant-thermostat-chromosome-v1:037695497a8128a9e88ed9a059fc825aad8d1b25abdfdcd7d82c5767778e31e5,932,898,610,34,507.55236020009033,False,1
20260808,15,64,53,0.828125,9,2,53433.7053142426,51814.935017068856,48989.54179105986,0.0003015301313009816,0.04513592138226582,plant-thermostat-chromosome-v1:cc441dc6a8c25fa88819f8f59b3a639efaf32d2e6b84d938f638ca91bbc76a70,994,959,662,35,567.0005586000625,True,0
20260808,16,64,48,0.75,11,5,53607.03845062409,52183.41284764107,49266.15875117109,0.000543210458399751,0.04706228007805311,plant-thermostat-chromosome-v1:235cc07114933c376e0bb99d3122657573f1a196066179b11616b45dea1cd17e,1056,1017,709,39,620.8863142000046,True,0
20260808,17,64,53,0.828125,11,0,53757.16588078054,52662.84050523788,49184.77280439309,8.67529668899487e-05,0.04047943229445864,plant-thermostat-chromosome-v1:a68f1ce2714c5727371f59020aaf5f8c183d89bceeccc31b29e2fab07150693a,1118,1077,758,41,681.3934512000997,True,0
20260808,18,64,54,0.84375,9,1,53832.08499637987,53094.215774245735,48733.34313147556,0.0038280384797374197,0.03968728626684499,plant-thermostat-chromosome-v1:7d2488f27cbfe4ae050199cc0f6c1df714d4628bc0f02f901dd84b808128fca9,1180,1139,811,41,742.6931757000275,True,0
20260808,19,64,55,0.859375,5,4,53855.22890201043,53219.02571144072,50702.51162303944,0.0014971408203058932,0.036159244987085164,plant-thermostat-chromosome-v1:faf710c7768b17e7017bd79596901fb513cc4eadd784da66aa7f4620212b748b,1242,1197,864,45,808.199842400034,True,0
20260808,20,64,49,0.765625,12,3,53948.55100140328,53353.36363526018,51367.50874082234,0.0011638986594339669,0.037679357482423466,plant-thermostat-chromosome-v1:0cb38c77501a72dc3346ddbf01fac5fb723c3dc24a030d24a99c4f58ee1fe311,1304,1258,913,46,871.2724393000826,True,0
20260808,21,64,57,0.890625,3,4,54000.0,53551.589098722594,47596.92569537114,0.0011237668222539522,0.036661137505191135,plant-thermostat-chromosome-v1:466a682f225656a73f820446626887389002c4269033a78ca0618cff4f4aee67,1366,1314,966,52,937.3166489000432,True,0
20260808,22,64,51,0.796875,9,4,54167.25971605903,53671.99814784543,49880.89111935874,0.0006748883325009636,0.03976769779160735,plant-thermostat-chromosome-v1:9f377a09b818b082352cd447d963ede4da61560df2e56fb5d0e7e451d0026e8f,1428,1373,1016,55,999.6400129999965,True,0
20260808,23,64,55,0.859375,8,1,54171.84403206955,53615.63499114706,51038.273689916576,0.00021763533960663455,0.03590923931388815,plant-thermostat-chromosome-v1:6a4713cc4cf71bf87ec7887a5ae74005d9dcd02ff8e92a7f09cee9052a5de09c,1490,1431,1066,59,1066.5980604999932,False,1
20260808,24,64,50,0.78125,11,3,54171.84403206955,53593.0324579643,46240.424124739366,0.0048827424081177495,0.045044843289976745,plant-thermostat-chromosome-v1:6a4713cc4cf71bf87ec7887a5ae74005d9dcd02ff8e92a7f09cee9052a5de09c,1552,1489,1113,63,1128.9589449000778,False,2
20260808,25,64,51,0.796875,10,3,54171.84403206955,53516.441072511036,47905.782611935516,0.0004402475020850001,0.04483738279194027,plant-thermostat-chromosome-v1:6a4713cc4cf71bf87ec7887a5ae74005d9dcd02ff8e92a7f09cee9052a5de09c,1614,1551,1165,63,1196.3065825999947,False,3
20260808,26,64,47,0.734375,13,4,54171.84403206955,53511.870473698065,49084.325512377836,8.624964345673487e-05,0.04020211712024144,plant-thermostat-chromosome-v1:6a4713cc4cf71bf87ec7887a5ae74005d9dcd02ff8e92a7f09cee9052a5de09c,1676,1611,1212,65,1259.0224538000766,False,4
20260808,27,64,53,0.828125,5,6,54241.95709160702,53630.72015693682,50880.0,0.00011204725736782769,0.0372937288777561,plant-thermostat-chromosome-v1:25dc33efe479e5f210a3fd2f5e7b146643509c12b7d5f1a75aa242cd12aa45de,1738,1673,1269,65,1331.7157383000012,True,0
20260808,28,64,37,0.578125,17,10,54279.65645214104,53554.96594968924,49141.20687249313,0.000296806514763316,0.04287758331741041,plant-thermostat-chromosome-v1:68f98fb812c2a6fd9fa9d7fcf5535e0d86cbd3d9a2415db73ba2383d25a9248a,1800,1734,1313,66,1389.2866857000627,True,0
20260808,29,64,44,0.6875,15,5,54279.65645214104,53626.057184326215,49673.60947288475,0.0016026254447440826,0.04275056921512332,plant-thermostat-chromosome-v1:68f98fb812c2a6fd9fa9d7fcf5535e0d86cbd3d9a2415db73ba2383d25a9248a,1862,1794,1358,68,1450.681546500069,False,1
20260808,30,64,47,0.734375,12,5,54656.696984144124,53684.59763719916,51075.319927561715,0.001218525663723165,0.049672142501084204,plant-thermostat-chromosome-v1:fc1d8bdbb415d312f024465da59b6fac423344bcb66622e7ffc1343ea35a9133,1924,1853,1405,71,1513.0240095000481,True,0
20260808,31,64,42,0.65625,17,5,54656.696984144124,53518.12786992266,51753.74014702831,0.0022575858914637417,0.04867446100854048,plant-thermostat-chromosome-v1:fc1d8bdbb415d312f024465da59b6fac423344bcb66622e7ffc1343ea35a9133,1986,1912,1447,74,1571.5332648000913,False,1
20260808,32,64,53,0.828125,7,4,54656.696984144124,53427.999381933114,50451.78709664516,0.0005279716421224612,0.04768981064255276,plant-thermostat-chromosome-v1:fc1d8bdbb415d312f024465da59b6fac423344bcb66622e7ffc1343ea35a9133,2048,1971,1499,77,1643.0968721000245,False,2
20260808,33,64,40,0.625,18,6,54697.503211681935,53749.72280136223,48454.12708972093,4.403960679474109e-05,0.05139218946110661,plant-thermostat-chromosome-v1:fce6be2cb3427ede9e8777c2d44dbe5d7ea19d75e5bc90e8d13da4abb9e70ebf,2110,2030,1540,80,1696.0144488000078,True,0
20260808,34,64,47,0.734375,14,3,54697.58120358871,53904.64275280604,47519.060227736765,5.367246484595381e-05,0.05112147359770532,plant-thermostat-chromosome-v1:9c61a012a18a89549e92bc8f689d0ec12ff07f77f9826ca2ca2f8dda6abba972,2172,2087,1583,85,1758.47055930004,False,1
20260808,35,64,46,0.71875,9,9,54798.121719723094,53866.89260518783,46393.756475737,0.00679174228079934,0.048475870182553754,plant-thermostat-chromosome-v1:56b7e2fa5b5824a6dc5a20ca0d2bdadd86a2dd2348684a4bc989f1e743b94dad,2234,2146,1633,88,1826.1079926000675,True,0
20260808,36,64,43,0.671875,13,8,54848.22915899992,53992.62342147079,48179.02016313759,0.000684500404969262,0.047855391634987234,plant-thermostat-chromosome-v1:07d5e543c1b0612b7d9631eaaa40c8dbbd6494160bdea71a7d50f1a0b8d9c227,2296,2205,1679,91,1888.6465630000457,True,0
20260808,37,64,43,0.671875,16,5,54881.83573323673,53987.42344143293,48061.742585200955,2.7738063337164904e-05,0.044897456452555336,plant-thermostat-chromosome-v1:fc775c5d0a07065a60a98ae0983ea77b1c7a9390f298f0639b43709a15b7af53,2358,2264,1722,94,1949.4913116000826,True,0
20260808,38,64,46,0.71875,17,1,54927.87406455872,54170.15282309463,48388.01429576532,0.00015332354625829478,0.04363122667667766,plant-thermostat-chromosome-v1:3782f8ea38b57d45e61fe5d1d0b3cb2eb07e6d3764c4e7274e0b03347de38ac8,2420,2324,1765,96,2009.5025579000358,True,0
20260808,39,64,43,0.671875,16,5,54927.87406455872,54408.703964866225,46101.742811431584,3.2656256092429517e-05,0.03983499981404342,plant-thermostat-chromosome-v1:3782f8ea38b57d45e61fe5d1d0b3cb2eb07e6d3764c4e7274e0b03347de38ac8,2482,2384,1809,98,2069.1754103000276,False,1
