run_id,study_stage,controller_key,display_name,controller_family,tuned,candidate_id,configuration_json,restart_cost_per_start_kg,total_time_s,loiter_time_s,takeoff_time_s,climb_time_s,cruise_time_s,descent_time_s,landing_time_s,phase_durations_json,initial_fuel_kg,running_fuel_kg,restart_fuel_kg,total_fuel_kg,final_fuel_kg,final_soc,minimum_soc,final_stored_energy_kwh,restart_count,loiter_restarts_per_hour,overall_engine_off_fraction,loiter_engine_off_fraction,on_duration_distribution_json,off_duration_distribution_json,mean_engine_on_power_kw,minimum_engine_on_power_kw,maximum_engine_on_power_kw,battery_limit_encounters_json,mission_complete,feasible,feasibility_reasons_json,termination_reason,reserve_shortfall_kg,descent_landing_completed,violations_json,maximum_power_residual_kw,fuel_ledger_residual_kg,energy_ledger_residual_kwh,discrete_energy_residual_fraction,battery_integration_residual_kwh,simulation_runtime_s
restart_retuning_0_1:fixed:r=1.000:restart=0.100,restart_retuning_0_1,fixed_s_ecms,Tuned fixed-(s) ECMS,fixed,True,fixed:r=1.000,"{""adaptation_enabled"":false,""class"":""FixedECMS"",""controller_family"":""fixed"",""engine_allow_shutdown"":true,""engine_min_power_fraction"":0.15,""equivalence_factor_clamp"":[0.5,20.0],""minimum_off_time_s"":null,""minimum_on_time_s"":null,""mission_timestep_s"":60.0,""ratio_anchor"":""switching_s"",""restart_fuel_kg_per_start"":0.1,""s"":null,""s_ratio"":1.0}",0.1,38800.0,32460.0,120.0,1500.0,3600.0,1000.0,120.0,"{""climb"":1500.0,""cruise"":3600.0,""descent"":1000.0,""landing"":120.0,""loiter"":32460.0,""takeoff"":120.0}",288.6101983109414,221.46803511736067,0.2,221.6680351173609,66.94216319358053,0.05000000000000007,0.05000000000000007,0.4321428571428578,2,0.22181146025878,0.018556701030927835,0.022181146025878003,"{""count"":3,""minimum_s"":1180.0,""mean_s"":12693.333333333334,""maximum_s"":19380.0,""samples_s"":[17520.0,19380.0,1180.0]}","{""count"":2,""minimum_s"":60.0,""mean_s"":360.0,""maximum_s"":660.0,""samples_s"":[660.0,60.0]}",36.46383842362045,14.886699421979324,86.7791369750147,"{""discharge:energy"":{""duration_s"":60.0,""steps"":1}}",True,True,[],soc_cutoff,0.0,True,"{""controller_infeasible"":false,""equivalence_factor_clamp_step_count"":0,""failure_flags"":[""engine_power_limited"",""battery_energy_limited""],""hard_dwell_infeasible"":false,""hard_dwell_violation_count"":0,""plant_infeasible_step_count"":0}",3.907985046680551e-14,2.159938894408242e-13,-0.0525120682987108,1.7135324634840416e-16,0.05251206829901811,0.45287750009447336
restart_retuning_0_1:fixed:r=1.100:restart=0.100,restart_retuning_0_1,fixed_s_ecms,Tuned fixed-(s) ECMS,fixed,True,fixed:r=1.100,"{""adaptation_enabled"":false,""class"":""FixedECMS"",""controller_family"":""fixed"",""engine_allow_shutdown"":true,""engine_min_power_fraction"":0.15,""equivalence_factor_clamp"":[0.5,20.0],""minimum_off_time_s"":null,""minimum_on_time_s"":null,""mission_timestep_s"":60.0,""ratio_anchor"":""switching_s"",""restart_fuel_kg_per_start"":0.1,""s"":null,""s_ratio"":1.1}",0.1,52836.61969367263,46496.61969367263,120.0,1500.0,3600.0,1000.0,120.0,"{""climb"":1500.0,""cruise"":3600.0,""descent"":1000.0,""landing"":120.0,""loiter"":46496.61969367263,""takeoff"":120.0}",288.6101983109414,267.23974093053783,16.1,283.33974093053695,5.2704573804044985,0.06123584073142788,0.05010580908396963,0.5302355322552174,161,12.00087240053569,0.20440368938464357,0.2232420349777069,"{""count"":162,""minimum_s"":60.0,""mean_s"":259.4853067510656,""maximum_s"":17280.0,""samples_s"":[17280.0,180.0,180.0,180.0,180.0,180.0,180.0,180.0,180.0,180.0,180.0,180.0,180.0,180.0,180.0,180.0,180.0,180.0,180.0,180.0,120.0,180.0,180.0,180.0,180.0,180.0,180.0,180.0,120.0,180.0,180.0,180.0,180.0,180.0,120.0,180.0,180.0,180.0,180.0,120.0,180.0,180.0,180.0,120.0,180.0,180.0,180.0,120.0,180.0,180.0,180.0,120.0,180.0,180.0,120.0,180.0,180.0,120.0,180.0,180.0,120.0,180.0,180.0,120.0,180.0,180.0,120.0,180.0,180.0,120.0,180.0,120.0,180.0,180.0,120.0,180.0,120.0,180.0,120.0,180.0,180.0,120.0,180.0,120.0,180.0,120.0,180.0,120.0,180.0,120.0,180.0,120.0,180.0,120.0,180.0,120.0,180.0,120.0,180.0,120.0,180.0,120.0,180.0,120.0,180.0,120.0,120.0,180.0,120.0,180.0,120.0,180.0,120.0,120.0,180.0,120.0,180.0,120.0,120.0,180.0,120.0,120.0,180.0,120.0,120.0,180.0,120.0,180.0,120.0,120.0,180.0,120.0,120.0,120.0,180.0,120.0,120.0,180.0,120.0,120.0,180.0,120.0,120.0,120.0,180.0,120.0,120.0,120.0,180.0,120.0,120.0,120.0,180.0,120.0,120.0,116.61969367262627,60.0,120.0,120.0,120.0,120.0,160.0]}","{""count"":162,""minimum_s"":60.0,""mean_s"":66.66666666666667,""maximum_s"":1140.0,""samples_s"":[1140.0,60.0,60.0,60.0,60.0,60.0,60.0,60.0,60.0,60.0,60.0,60.0,60.0,60.0,60.0,60.0,60.0,60.0,60.0,60.0,60.0,60.0,60.0,60.0,60.0,60.0,60.0,60.0,60.0,60.0,60.0,60.0,60.0,60.0,60.0,60.0,60.0,60.0,60.0,60.0,60.0,60.0,60.0,60.0,60.0,60.0,60.0,60.0,60.0,60.0,60.0,60.0,60.0,60.0,60.0,60.0,60.0,60.0,60.0,60.0,60.0,60.0,60.0,60.0,60.0,60.0,60.0,60.0,60.0,60.0,60.0,60.0,60.0,60.0,60.0,60.0,60.0,60.0,60.0,60.0,60.0,60.0,60.0,60.0,60.0,60.0,60.0,60.0,60.0,60.0,60.0,60.0,60.0,60.0,60.0,60.0,60.0,60.0,60.0,60.0,60.0,60.0,60.0,60.0,60.0,60.0,60.0,60.0,60.0,60.0,60.0,60.0,60.0,60.0,60.0,60.0,60.0,60.0,60.0,60.0,60.0,60.0,60.0,60.0,60.0,60.0,60.0,60.0,60.0,60.0,60.0,60.0,60.0,60.0,60.0,60.0,60.0,60.0,60.0,60.0,60.0,60.0,60.0,60.0,60.0,60.0,60.0,60.0,60.0,60.0,60.0,60.0,60.0,60.0,60.0,60.0,60.0,60.0,60.0,60.0,60.0,60.0]}",41.878296293633795,27.710659773528317,86.7791369750147,"{""charge:energy"":{""duration_s"":60.0,""steps"":1},""charge:legacy_power"":{""duration_s"":24756.619693672626,""steps"":413}}",True,True,[],fuel_reserve,0.0,True,"{""controller_infeasible"":false,""equivalence_factor_clamp_step_count"":0,""failure_flags"":[""engine_power_limited"",""battery_energy_limited"",""battery_rate_limited""],""hard_dwell_infeasible"":false,""hard_dwell_violation_count"":0,""plant_infeasible_step_count"":0}",1.0658141036401503e-13,-8.881784197001252e-13,-0.8321584842483389,0.0,0.8321584842482626,0.38260889996308833
restart_retuning_0_1:fixed:r=1.200:restart=0.100,restart_retuning_0_1,fixed_s_ecms,Tuned fixed-(s) ECMS,fixed,True,fixed:r=1.200,"{""adaptation_enabled"":false,""class"":""FixedECMS"",""controller_family"":""fixed"",""engine_allow_shutdown"":true,""engine_min_power_fraction"":0.15,""equivalence_factor_clamp"":[0.5,20.0],""minimum_off_time_s"":null,""minimum_on_time_s"":null,""mission_timestep_s"":60.0,""ratio_anchor"":""switching_s"",""restart_fuel_kg_per_start"":0.1,""s"":null,""s_ratio"":1.2}",0.1,52836.61969367263,46496.61969367263,120.0,1500.0,3600.0,1000.0,120.0,"{""climb"":1500.0,""cruise"":3600.0,""descent"":1000.0,""landing"":120.0,""loiter"":46496.61969367263,""takeoff"":120.0}",288.6101983109414,267.23974093053783,16.1,283.33974093053695,5.2704573804044985,0.06123584073142788,0.05010580908396963,0.5302355322552174,161,12.00087240053569,0.20440368938464357,0.2232420349777069,"{""count"":162,""minimum_s"":60.0,""mean_s"":259.4853067510656,""maximum_s"":17280.0,""samples_s"":[17280.0,180.0,180.0,180.0,180.0,180.0,180.0,180.0,180.0,180.0,180.0,180.0,180.0,180.0,180.0,180.0,180.0,180.0,180.0,180.0,120.0,180.0,180.0,180.0,180.0,180.0,180.0,180.0,120.0,180.0,180.0,180.0,180.0,180.0,120.0,180.0,180.0,180.0,180.0,120.0,180.0,180.0,180.0,120.0,180.0,180.0,180.0,120.0,180.0,180.0,180.0,120.0,180.0,180.0,120.0,180.0,180.0,120.0,180.0,180.0,120.0,180.0,180.0,120.0,180.0,180.0,120.0,180.0,180.0,120.0,180.0,120.0,180.0,180.0,120.0,180.0,120.0,180.0,120.0,180.0,180.0,120.0,180.0,120.0,180.0,120.0,180.0,120.0,180.0,120.0,180.0,120.0,180.0,120.0,180.0,120.0,180.0,120.0,180.0,120.0,180.0,120.0,180.0,120.0,180.0,120.0,120.0,180.0,120.0,180.0,120.0,180.0,120.0,120.0,180.0,120.0,180.0,120.0,120.0,180.0,120.0,120.0,180.0,120.0,120.0,180.0,120.0,180.0,120.0,120.0,180.0,120.0,120.0,120.0,180.0,120.0,120.0,180.0,120.0,120.0,180.0,120.0,120.0,120.0,180.0,120.0,120.0,120.0,180.0,120.0,120.0,120.0,180.0,120.0,120.0,116.61969367262627,60.0,120.0,120.0,120.0,120.0,160.0]}","{""count"":162,""minimum_s"":60.0,""mean_s"":66.66666666666667,""maximum_s"":1140.0,""samples_s"":[1140.0,60.0,60.0,60.0,60.0,60.0,60.0,60.0,60.0,60.0,60.0,60.0,60.0,60.0,60.0,60.0,60.0,60.0,60.0,60.0,60.0,60.0,60.0,60.0,60.0,60.0,60.0,60.0,60.0,60.0,60.0,60.0,60.0,60.0,60.0,60.0,60.0,60.0,60.0,60.0,60.0,60.0,60.0,60.0,60.0,60.0,60.0,60.0,60.0,60.0,60.0,60.0,60.0,60.0,60.0,60.0,60.0,60.0,60.0,60.0,60.0,60.0,60.0,60.0,60.0,60.0,60.0,60.0,60.0,60.0,60.0,60.0,60.0,60.0,60.0,60.0,60.0,60.0,60.0,60.0,60.0,60.0,60.0,60.0,60.0,60.0,60.0,60.0,60.0,60.0,60.0,60.0,60.0,60.0,60.0,60.0,60.0,60.0,60.0,60.0,60.0,60.0,60.0,60.0,60.0,60.0,60.0,60.0,60.0,60.0,60.0,60.0,60.0,60.0,60.0,60.0,60.0,60.0,60.0,60.0,60.0,60.0,60.0,60.0,60.0,60.0,60.0,60.0,60.0,60.0,60.0,60.0,60.0,60.0,60.0,60.0,60.0,60.0,60.0,60.0,60.0,60.0,60.0,60.0,60.0,60.0,60.0,60.0,60.0,60.0,60.0,60.0,60.0,60.0,60.0,60.0,60.0,60.0,60.0,60.0,60.0,60.0]}",41.878296293633795,27.710659773528317,86.7791369750147,"{""charge:energy"":{""duration_s"":60.0,""steps"":1},""charge:legacy_power"":{""duration_s"":24756.619693672626,""steps"":413}}",True,True,[],fuel_reserve,0.0,True,"{""controller_infeasible"":false,""equivalence_factor_clamp_step_count"":0,""failure_flags"":[""engine_power_limited"",""battery_energy_limited"",""battery_rate_limited""],""hard_dwell_infeasible"":false,""hard_dwell_violation_count"":0,""plant_infeasible_step_count"":0}",1.0658141036401503e-13,-8.881784197001252e-13,-0.8321584842483389,0.0,0.8321584842482626,0.3832178000593558
restart_retuning_0_1:pi:r=1.200:kp=0.000:restart=0.100,restart_retuning_0_1,adaptive_pi_ecms,Tuned adaptive PI-ECMS,pi,True,pi:r=1.200:kp=0.000,"{""base_anchor"":""switching_s"",""base_equivalence_factor"":null,""class"":""PIECMS"",""controller_family"":""pi"",""engine_allow_shutdown"":true,""engine_min_power_fraction"":0.15,""equivalence_factor_clamp"":[0.5,20.0],""integral_action"":false,""kp"":0.0,""minimum_off_time_s"":null,""minimum_on_time_s"":null,""mission_timestep_s"":60.0,""neutral_s_role"":""diagnostic_only"",""restart_fuel_kg_per_start"":0.1,""s0_ratio"":1.2,""soc_ref"":0.6}",0.1,52836.61969367263,46496.61969367263,120.0,1500.0,3600.0,1000.0,120.0,"{""climb"":1500.0,""cruise"":3600.0,""descent"":1000.0,""landing"":120.0,""loiter"":46496.61969367263,""takeoff"":120.0}",288.6101983109414,267.23974093053783,16.1,283.33974093053695,5.2704573804044985,0.06123584073142788,0.05010580908396963,0.5302355322552174,161,12.00087240053569,0.20440368938464357,0.2232420349777069,"{""count"":162,""minimum_s"":60.0,""mean_s"":259.4853067510656,""maximum_s"":17280.0,""samples_s"":[17280.0,180.0,180.0,180.0,180.0,180.0,180.0,180.0,180.0,180.0,180.0,180.0,180.0,180.0,180.0,180.0,180.0,180.0,180.0,180.0,120.0,180.0,180.0,180.0,180.0,180.0,180.0,180.0,120.0,180.0,180.0,180.0,180.0,180.0,120.0,180.0,180.0,180.0,180.0,120.0,180.0,180.0,180.0,120.0,180.0,180.0,180.0,120.0,180.0,180.0,180.0,120.0,180.0,180.0,120.0,180.0,180.0,120.0,180.0,180.0,120.0,180.0,180.0,120.0,180.0,180.0,120.0,180.0,180.0,120.0,180.0,120.0,180.0,180.0,120.0,180.0,120.0,180.0,120.0,180.0,180.0,120.0,180.0,120.0,180.0,120.0,180.0,120.0,180.0,120.0,180.0,120.0,180.0,120.0,180.0,120.0,180.0,120.0,180.0,120.0,180.0,120.0,180.0,120.0,180.0,120.0,120.0,180.0,120.0,180.0,120.0,180.0,120.0,120.0,180.0,120.0,180.0,120.0,120.0,180.0,120.0,120.0,180.0,120.0,120.0,180.0,120.0,180.0,120.0,120.0,180.0,120.0,120.0,120.0,180.0,120.0,120.0,180.0,120.0,120.0,180.0,120.0,120.0,120.0,180.0,120.0,120.0,120.0,180.0,120.0,120.0,120.0,180.0,120.0,120.0,116.61969367262627,60.0,120.0,120.0,120.0,120.0,160.0]}","{""count"":162,""minimum_s"":60.0,""mean_s"":66.66666666666667,""maximum_s"":1140.0,""samples_s"":[1140.0,60.0,60.0,60.0,60.0,60.0,60.0,60.0,60.0,60.0,60.0,60.0,60.0,60.0,60.0,60.0,60.0,60.0,60.0,60.0,60.0,60.0,60.0,60.0,60.0,60.0,60.0,60.0,60.0,60.0,60.0,60.0,60.0,60.0,60.0,60.0,60.0,60.0,60.0,60.0,60.0,60.0,60.0,60.0,60.0,60.0,60.0,60.0,60.0,60.0,60.0,60.0,60.0,60.0,60.0,60.0,60.0,60.0,60.0,60.0,60.0,60.0,60.0,60.0,60.0,60.0,60.0,60.0,60.0,60.0,60.0,60.0,60.0,60.0,60.0,60.0,60.0,60.0,60.0,60.0,60.0,60.0,60.0,60.0,60.0,60.0,60.0,60.0,60.0,60.0,60.0,60.0,60.0,60.0,60.0,60.0,60.0,60.0,60.0,60.0,60.0,60.0,60.0,60.0,60.0,60.0,60.0,60.0,60.0,60.0,60.0,60.0,60.0,60.0,60.0,60.0,60.0,60.0,60.0,60.0,60.0,60.0,60.0,60.0,60.0,60.0,60.0,60.0,60.0,60.0,60.0,60.0,60.0,60.0,60.0,60.0,60.0,60.0,60.0,60.0,60.0,60.0,60.0,60.0,60.0,60.0,60.0,60.0,60.0,60.0,60.0,60.0,60.0,60.0,60.0,60.0,60.0,60.0,60.0,60.0,60.0,60.0]}",41.878296293633795,27.710659773528317,86.7791369750147,"{""charge:energy"":{""duration_s"":60.0,""steps"":1},""charge:legacy_power"":{""duration_s"":24756.619693672626,""steps"":413}}",True,True,[],fuel_reserve,0.0,True,"{""controller_infeasible"":false,""equivalence_factor_clamp_step_count"":0,""failure_flags"":[""engine_power_limited"",""battery_energy_limited"",""battery_rate_limited""],""hard_dwell_infeasible"":false,""hard_dwell_violation_count"":0,""plant_infeasible_step_count"":0}",1.0658141036401503e-13,-8.881784197001252e-13,-0.8321584842483389,0.0,0.8321584842482626,0.43029819999355823
restart_retuning_0_1:pi:r=1.200:kp=2.500:restart=0.100,restart_retuning_0_1,adaptive_pi_ecms,Tuned adaptive PI-ECMS,pi,True,pi:r=1.200:kp=2.500,"{""base_anchor"":""switching_s"",""base_equivalence_factor"":null,""class"":""PIECMS"",""controller_family"":""pi"",""engine_allow_shutdown"":true,""engine_min_power_fraction"":0.15,""equivalence_factor_clamp"":[0.5,20.0],""integral_action"":false,""kp"":2.5,""minimum_off_time_s"":null,""minimum_on_time_s"":null,""mission_timestep_s"":60.0,""neutral_s_role"":""diagnostic_only"",""restart_fuel_kg_per_start"":0.1,""s0_ratio"":1.2,""soc_ref"":0.6}",0.1,52831.82142966265,46491.82142966265,120.0,1500.0,3600.0,1000.0,120.0,"{""climb"":1500.0,""cruise"":3600.0,""descent"":1000.0,""landing"":120.0,""loiter"":46491.82142966265,""takeoff"":120.0}",288.6101983109414,267.2305270949173,16.2,283.4305270949167,5.179671216024721,0.05584118824103103,0.0500373801700533,0.4830933825005092,162,12.079543944081502,0.20404369390050073,0.22326507503483972,"{""count"":163,""minimum_s"":60.0,""mean_s"":257.9866345378077,""maximum_s"":17280.0,""samples_s"":[17280.0,120.0,180.0,180.0,180.0,180.0,180.0,180.0,180.0,180.0,120.0,180.0,180.0,180.0,180.0,180.0,180.0,180.0,180.0,180.0,180.0,180.0,180.0,120.0,180.0,180.0,180.0,180.0,180.0,180.0,120.0,180.0,180.0,180.0,180.0,180.0,120.0,180.0,180.0,180.0,120.0,180.0,180.0,180.0,180.0,120.0,180.0,180.0,120.0,180.0,180.0,180.0,120.0,180.0,180.0,120.0,180.0,180.0,180.0,120.0,180.0,180.0,120.0,180.0,120.0,180.0,180.0,120.0,180.0,180.0,120.0,180.0,120.0,180.0,180.0,120.0,180.0,120.0,180.0,180.0,120.0,180.0,120.0,180.0,120.0,180.0,120.0,180.0,120.0,180.0,120.0,180.0,120.0,180.0,120.0,180.0,120.0,180.0,120.0,180.0,120.0,180.0,120.0,180.0,120.0,180.0,120.0,120.0,180.0,120.0,180.0,120.0,180.0,120.0,120.0,180.0,120.0,180.0,120.0,120.0,180.0,120.0,120.0,180.0,120.0,120.0,180.0,120.0,120.0,180.0,120.0,120.0,180.0,120.0,120.0,180.0,120.0,120.0,180.0,120.0,120.0,120.0,180.0,120.0,120.0,180.0,120.0,120.0,120.0,180.0,120.0,120.0,120.0,180.0,120.0,120.0,111.82142966264644,60.0,120.0,120.0,120.0,180.0,60.0]}","{""count"":163,""minimum_s"":40.0,""mean_s"":66.13496932515338,""maximum_s"":1080.0,""samples_s"":[1080.0,60.0,60.0,60.0,60.0,60.0,60.0,60.0,60.0,60.0,60.0,60.0,60.0,60.0,60.0,60.0,60.0,60.0,60.0,60.0,60.0,60.0,60.0,60.0,60.0,60.0,60.0,60.0,60.0,60.0,60.0,60.0,60.0,60.0,60.0,60.0,60.0,60.0,60.0,60.0,60.0,60.0,60.0,60.0,60.0,60.0,60.0,60.0,60.0,60.0,60.0,60.0,60.0,60.0,60.0,60.0,60.0,60.0,60.0,60.0,60.0,60.0,60.0,60.0,60.0,60.0,60.0,60.0,60.0,60.0,60.0,60.0,60.0,60.0,60.0,60.0,60.0,60.0,60.0,60.0,60.0,60.0,60.0,60.0,60.0,60.0,60.0,60.0,60.0,60.0,60.0,60.0,60.0,60.0,60.0,60.0,60.0,60.0,60.0,60.0,60.0,60.0,60.0,60.0,60.0,60.0,60.0,60.0,60.0,60.0,60.0,60.0,60.0,60.0,60.0,60.0,60.0,60.0,60.0,60.0,60.0,60.0,60.0,60.0,60.0,60.0,60.0,60.0,60.0,60.0,60.0,60.0,60.0,60.0,60.0,60.0,60.0,60.0,60.0,60.0,60.0,60.0,60.0,60.0,60.0,60.0,60.0,60.0,60.0,60.0,60.0,60.0,60.0,60.0,60.0,60.0,60.0,60.0,60.0,60.0,60.0,40.0,60.0]}",41.853123554222805,22.557398233584824,86.7791369750147,"{""charge:legacy_power"":{""duration_s"":24771.821429662647,""steps"":413}}",True,True,[],fuel_reserve,0.0,True,"{""controller_infeasible"":false,""equivalence_factor_clamp_step_count"":0,""failure_flags"":[""engine_power_limited"",""battery_rate_limited""],""hard_dwell_infeasible"":false,""hard_dwell_violation_count"":0,""plant_infeasible_step_count"":0}",1.1013412404281553e-13,-5.790923296444817e-13,-0.8318835141344607,0.0,0.8318835141342706,0.632730699959211
restart_retuning_0_1:pi:r=1.200:kp=5.000:restart=0.100,restart_retuning_0_1,adaptive_pi_ecms,Tuned adaptive PI-ECMS,pi,True,pi:r=1.200:kp=5.000,"{""base_anchor"":""switching_s"",""base_equivalence_factor"":null,""class"":""PIECMS"",""controller_family"":""pi"",""engine_allow_shutdown"":true,""engine_min_power_fraction"":0.15,""equivalence_factor_clamp"":[0.5,20.0],""integral_action"":false,""kp"":5.0,""minimum_off_time_s"":null,""minimum_on_time_s"":null,""mission_timestep_s"":60.0,""neutral_s_role"":""diagnostic_only"",""restart_fuel_kg_per_start"":0.1,""s0_ratio"":1.2,""soc_ref"":0.6}",0.1,52569.74997304828,46229.74997304828,120.0,1500.0,3600.0,1000.0,120.0,"{""climb"":1500.0,""cruise"":3600.0,""descent"":1000.0,""landing"":120.0,""loiter"":46229.74997304828,""takeoff"":120.0}",288.6101983109414,267.33880143786894,16.1,283.43880143786845,5.171396873072994,0.2415484796850221,0.08616134264629435,2.1537664944975403,161,12.303765439605614,0.19745195678734767,0.21674354730106934,"{""count"":162,""minimum_s"":29.74997304828001,""mean_s"":260.4305553891869,""maximum_s"":17400.0,""samples_s"":[17400.0,180.0,120.0,180.0,180.0,180.0,180.0,180.0,180.0,180.0,180.0,180.0,180.0,180.0,180.0,180.0,120.0,180.0,180.0,180.0,180.0,180.0,180.0,120.0,180.0,180.0,180.0,180.0,180.0,120.0,180.0,180.0,180.0,120.0,180.0,180.0,180.0,180.0,120.0,180.0,180.0,180.0,120.0,180.0,180.0,120.0,180.0,180.0,180.0,120.0,180.0,180.0,120.0,180.0,180.0,120.0,180.0,180.0,120.0,180.0,120.0,180.0,180.0,120.0,180.0,120.0,180.0,180.0,120.0,180.0,120.0,180.0,180.0,120.0,180.0,120.0,180.0,120.0,180.0,120.0,180.0,120.0,180.0,120.0,180.0,120.0,180.0,120.0,180.0,120.0,180.0,120.0,180.0,120.0,180.0,120.0,180.0,120.0,180.0,120.0,120.0,180.0,120.0,180.0,120.0,180.0,120.0,120.0,180.0,120.0,180.0,120.0,120.0,180.0,120.0,120.0,180.0,120.0,120.0,180.0,120.0,120.0,180.0,120.0,120.0,180.0,120.0,120.0,180.0,120.0,120.0,180.0,120.0,120.0,120.0,180.0,120.0,120.0,180.0,120.0,120.0,120.0,180.0,120.0,120.0,120.0,120.0,180.0,120.0,120.0,120.0,180.0,120.0,120.0,120.0,120.0,180.0,120.0,29.74997304828001,180.0,520.0,60.0]}","{""count"":161,""minimum_s"":60.0,""mean_s"":64.472049689441,""maximum_s"":600.0,""samples_s"":[600.0,60.0,60.0,60.0,60.0,60.0,60.0,60.0,60.0,60.0,60.0,60.0,60.0,60.0,60.0,60.0,60.0,60.0,60.0,60.0,60.0,60.0,60.0,60.0,60.0,60.0,60.0,60.0,60.0,60.0,60.0,60.0,60.0,60.0,60.0,60.0,60.0,60.0,60.0,60.0,60.0,60.0,60.0,60.0,60.0,60.0,60.0,60.0,60.0,60.0,60.0,60.0,60.0,60.0,60.0,60.0,60.0,60.0,60.0,60.0,60.0,60.0,60.0,60.0,60.0,60.0,60.0,60.0,60.0,60.0,60.0,60.0,60.0,60.0,60.0,60.0,60.0,60.0,60.0,60.0,60.0,60.0,60.0,60.0,60.0,60.0,60.0,60.0,60.0,60.0,60.0,60.0,60.0,60.0,60.0,60.0,60.0,60.0,60.0,60.0,60.0,60.0,60.0,60.0,60.0,60.0,60.0,60.0,60.0,60.0,60.0,60.0,60.0,60.0,60.0,60.0,60.0,60.0,60.0,60.0,60.0,60.0,60.0,60.0,60.0,60.0,60.0,60.0,60.0,60.0,60.0,60.0,60.0,60.0,60.0,60.0,60.0,60.0,60.0,60.0,60.0,60.0,60.0,60.0,60.0,60.0,60.0,60.0,60.0,60.0,60.0,60.0,60.0,60.0,60.0,60.0,60.0,60.0,240.0,60.0,60.0]}",41.67103366430473,13.016870546252203,84.4031346304026,"{""charge:legacy_power"":{""duration_s"":29529.74997304828,""steps"":493},""discharge:legacy_power"":{""duration_s"":180.0,""steps"":3}}",True,True,[],fuel_reserve,0.0,True,"{""controller_infeasible"":false,""equivalence_factor_clamp_step_count"":0,""failure_flags"":[""battery_rate_limited"",""engine_power_limited""],""hard_dwell_infeasible"":false,""hard_dwell_violation_count"":0,""plant_infeasible_step_count"":0}",1.3855583347321954e-13,-4.902744876744691e-13,-0.8069049839259606,0.0,0.8069049839258096,0.48456090001855046
restart_retuning_0_1:pi:r=1.300:kp=0.000:restart=0.100,restart_retuning_0_1,adaptive_pi_ecms,Tuned adaptive PI-ECMS,pi,True,pi:r=1.300:kp=0.000,"{""base_anchor"":""switching_s"",""base_equivalence_factor"":null,""class"":""PIECMS"",""controller_family"":""pi"",""engine_allow_shutdown"":true,""engine_min_power_fraction"":0.15,""equivalence_factor_clamp"":[0.5,20.0],""integral_action"":false,""kp"":0.0,""minimum_off_time_s"":null,""minimum_on_time_s"":null,""mission_timestep_s"":60.0,""neutral_s_role"":""diagnostic_only"",""restart_fuel_kg_per_start"":0.1,""s0_ratio"":1.3,""soc_ref"":0.6}",0.1,52836.61969367263,46496.61969367263,120.0,1500.0,3600.0,1000.0,120.0,"{""climb"":1500.0,""cruise"":3600.0,""descent"":1000.0,""landing"":120.0,""loiter"":46496.61969367263,""takeoff"":120.0}",288.6101983109414,267.23974093053783,16.1,283.33974093053695,5.2704573804044985,0.06123584073142788,0.05010580908396963,0.5302355322552174,161,12.00087240053569,0.20440368938464357,0.2232420349777069,"{""count"":162,""minimum_s"":60.0,""mean_s"":259.4853067510656,""maximum_s"":17280.0,""samples_s"":[17280.0,180.0,180.0,180.0,180.0,180.0,180.0,180.0,180.0,180.0,180.0,180.0,180.0,180.0,180.0,180.0,180.0,180.0,180.0,180.0,120.0,180.0,180.0,180.0,180.0,180.0,180.0,180.0,120.0,180.0,180.0,180.0,180.0,180.0,120.0,180.0,180.0,180.0,180.0,120.0,180.0,180.0,180.0,120.0,180.0,180.0,180.0,120.0,180.0,180.0,180.0,120.0,180.0,180.0,120.0,180.0,180.0,120.0,180.0,180.0,120.0,180.0,180.0,120.0,180.0,180.0,120.0,180.0,180.0,120.0,180.0,120.0,180.0,180.0,120.0,180.0,120.0,180.0,120.0,180.0,180.0,120.0,180.0,120.0,180.0,120.0,180.0,120.0,180.0,120.0,180.0,120.0,180.0,120.0,180.0,120.0,180.0,120.0,180.0,120.0,180.0,120.0,180.0,120.0,180.0,120.0,120.0,180.0,120.0,180.0,120.0,180.0,120.0,120.0,180.0,120.0,180.0,120.0,120.0,180.0,120.0,120.0,180.0,120.0,120.0,180.0,120.0,180.0,120.0,120.0,180.0,120.0,120.0,120.0,180.0,120.0,120.0,180.0,120.0,120.0,180.0,120.0,120.0,120.0,180.0,120.0,120.0,120.0,180.0,120.0,120.0,120.0,180.0,120.0,120.0,116.61969367262627,60.0,120.0,120.0,120.0,120.0,160.0]}","{""count"":162,""minimum_s"":60.0,""mean_s"":66.66666666666667,""maximum_s"":1140.0,""samples_s"":[1140.0,60.0,60.0,60.0,60.0,60.0,60.0,60.0,60.0,60.0,60.0,60.0,60.0,60.0,60.0,60.0,60.0,60.0,60.0,60.0,60.0,60.0,60.0,60.0,60.0,60.0,60.0,60.0,60.0,60.0,60.0,60.0,60.0,60.0,60.0,60.0,60.0,60.0,60.0,60.0,60.0,60.0,60.0,60.0,60.0,60.0,60.0,60.0,60.0,60.0,60.0,60.0,60.0,60.0,60.0,60.0,60.0,60.0,60.0,60.0,60.0,60.0,60.0,60.0,60.0,60.0,60.0,60.0,60.0,60.0,60.0,60.0,60.0,60.0,60.0,60.0,60.0,60.0,60.0,60.0,60.0,60.0,60.0,60.0,60.0,60.0,60.0,60.0,60.0,60.0,60.0,60.0,60.0,60.0,60.0,60.0,60.0,60.0,60.0,60.0,60.0,60.0,60.0,60.0,60.0,60.0,60.0,60.0,60.0,60.0,60.0,60.0,60.0,60.0,60.0,60.0,60.0,60.0,60.0,60.0,60.0,60.0,60.0,60.0,60.0,60.0,60.0,60.0,60.0,60.0,60.0,60.0,60.0,60.0,60.0,60.0,60.0,60.0,60.0,60.0,60.0,60.0,60.0,60.0,60.0,60.0,60.0,60.0,60.0,60.0,60.0,60.0,60.0,60.0,60.0,60.0,60.0,60.0,60.0,60.0,60.0,60.0]}",41.878296293633795,27.710659773528317,86.7791369750147,"{""charge:energy"":{""duration_s"":60.0,""steps"":1},""charge:legacy_power"":{""duration_s"":24756.619693672626,""steps"":413}}",True,True,[],fuel_reserve,0.0,True,"{""controller_infeasible"":false,""equivalence_factor_clamp_step_count"":0,""failure_flags"":[""engine_power_limited"",""battery_energy_limited"",""battery_rate_limited""],""hard_dwell_infeasible"":false,""hard_dwell_violation_count"":0,""plant_infeasible_step_count"":0}",1.0658141036401503e-13,-8.881784197001252e-13,-0.8321584842483389,0.0,0.8321584842482626,0.47525150002911687
restart_retuning_0_1:pi:r=1.300:kp=2.500:restart=0.100,restart_retuning_0_1,adaptive_pi_ecms,Tuned adaptive PI-ECMS,pi,True,pi:r=1.300:kp=2.500,"{""base_anchor"":""switching_s"",""base_equivalence_factor"":null,""class"":""PIECMS"",""controller_family"":""pi"",""engine_allow_shutdown"":true,""engine_min_power_fraction"":0.15,""equivalence_factor_clamp"":[0.5,20.0],""integral_action"":false,""kp"":2.5,""minimum_off_time_s"":null,""minimum_on_time_s"":null,""mission_timestep_s"":60.0,""neutral_s_role"":""diagnostic_only"",""restart_fuel_kg_per_start"":0.1,""s0_ratio"":1.3,""soc_ref"":0.6}",0.1,52840.0,46500.0,120.0,1500.0,3600.0,1000.0,120.0,"{""climb"":1500.0,""cruise"":3600.0,""descent"":1000.0,""landing"":120.0,""loiter"":46500.0,""takeoff"":120.0}",288.6101983109414,267.191337723466,16.5,283.69133772346504,4.918860587476401,0.069626535177754,0.050164434461831726,0.6037243792391186,165,12.23225806451613,0.2043906131718395,0.22451612903225807,"{""count"":166,""minimum_s"":60.0,""mean_s"":253.25301204819277,""maximum_s"":17280.0,""samples_s"":[17280.0,180.0,180.0,180.0,180.0,180.0,120.0,180.0,180.0,180.0,180.0,180.0,180.0,180.0,120.0,180.0,180.0,180.0,180.0,180.0,120.0,180.0,180.0,180.0,180.0,120.0,180.0,180.0,180.0,180.0,120.0,180.0,180.0,180.0,120.0,180.0,180.0,120.0,180.0,180.0,180.0,120.0,180.0,180.0,120.0,180.0,180.0,120.0,180.0,180.0,120.0,180.0,180.0,120.0,180.0,120.0,180.0,180.0,120.0,180.0,180.0,120.0,180.0,120.0,180.0,120.0,180.0,180.0,120.0,180.0,120.0,180.0,120.0,180.0,120.0,180.0,120.0,180.0,120.0,180.0,120.0,180.0,120.0,180.0,120.0,180.0,120.0,180.0,120.0,180.0,120.0,120.0,180.0,120.0,180.0,120.0,180.0,120.0,120.0,180.0,120.0,180.0,120.0,120.0,180.0,120.0,180.0,120.0,120.0,180.0,120.0,120.0,180.0,120.0,180.0,120.0,120.0,180.0,120.0,120.0,180.0,120.0,180.0,120.0,120.0,180.0,120.0,120.0,180.0,120.0,120.0,180.0,120.0,120.0,180.0,120.0,120.0,180.0,120.0,120.0,180.0,120.0,120.0,180.0,120.0,120.0,120.0,180.0,120.0,120.0,120.0,180.0,120.0,120.0,120.0,180.0,120.0,120.0,120.0,120.0,120.0,60.0,120.0,180.0,100.0,60.0]}","{""count"":165,""minimum_s"":60.0,""mean_s"":65.45454545454545,""maximum_s"":960.0,""samples_s"":[960.0,60.0,60.0,60.0,60.0,60.0,60.0,60.0,60.0,60.0,60.0,60.0,60.0,60.0,60.0,60.0,60.0,60.0,60.0,60.0,60.0,60.0,60.0,60.0,60.0,60.0,60.0,60.0,60.0,60.0,60.0,60.0,60.0,60.0,60.0,60.0,60.0,60.0,60.0,60.0,60.0,60.0,60.0,60.0,60.0,60.0,60.0,60.0,60.0,60.0,60.0,60.0,60.0,60.0,60.0,60.0,60.0,60.0,60.0,60.0,60.0,60.0,60.0,60.0,60.0,60.0,60.0,60.0,60.0,60.0,60.0,60.0,60.0,60.0,60.0,60.0,60.0,60.0,60.0,60.0,60.0,60.0,60.0,60.0,60.0,60.0,60.0,60.0,60.0,60.0,60.0,60.0,60.0,60.0,60.0,60.0,60.0,60.0,60.0,60.0,60.0,60.0,60.0,60.0,60.0,60.0,60.0,60.0,60.0,60.0,60.0,60.0,60.0,60.0,60.0,60.0,60.0,60.0,60.0,60.0,60.0,60.0,60.0,60.0,60.0,60.0,60.0,60.0,60.0,60.0,60.0,60.0,60.0,60.0,60.0,60.0,60.0,60.0,60.0,60.0,60.0,60.0,60.0,60.0,60.0,60.0,60.0,60.0,60.0,60.0,60.0,60.0,60.0,60.0,60.0,60.0,60.0,60.0,60.0,60.0,60.0,60.0,60.0,60.0,60.0]}",41.861670971152606,27.138993581821254,86.7791369750147,"{""charge:energy"":{""duration_s"":60.0,""steps"":1},""charge:legacy_power"":{""duration_s"":24760.0,""steps"":413}}",False,False,"[""mission_incomplete"",""descent_landing_incomplete"",""reserve_shortfall"",""terminal_constraint_failure""]",fuel_reserve_shortfall,0.08113941252359869,False,"{""controller_infeasible"":false,""equivalence_factor_clamp_step_count"":0,""failure_flags"":[""engine_power_limited"",""battery_energy_limited"",""battery_rate_limited"",""fuel_reserve_shortfall""],""hard_dwell_infeasible"":false,""hard_dwell_violation_count"":0,""plant_infeasible_step_count"":0}",1.1723955140041653e-13,-9.663381206337363e-13,-0.8015290055814148,0.0,0.801529005581358,0.43221860006451607
restart_retuning_0_1:pi:r=1.300:kp=5.000:restart=0.100,restart_retuning_0_1,adaptive_pi_ecms,Tuned adaptive PI-ECMS,pi,True,pi:r=1.300:kp=5.000,"{""base_anchor"":""switching_s"",""base_equivalence_factor"":null,""class"":""PIECMS"",""controller_family"":""pi"",""engine_allow_shutdown"":true,""engine_min_power_fraction"":0.15,""equivalence_factor_clamp"":[0.5,20.0],""integral_action"":false,""kp"":5.0,""minimum_off_time_s"":null,""minimum_on_time_s"":null,""mission_timestep_s"":60.0,""neutral_s_role"":""diagnostic_only"",""restart_fuel_kg_per_start"":0.1,""s0_ratio"":1.3,""soc_ref"":0.6}",0.1,52512.80502550831,46172.80502550831,120.0,1500.0,3600.0,1000.0,120.0,"{""climb"":1500.0,""cruise"":3600.0,""descent"":1000.0,""landing"":120.0,""loiter"":46172.80502550831,""takeoff"":120.0}",288.6101983109414,267.10775282399874,16.1,283.20775282399825,5.4024454869431615,0.2997254905850169,0.17392101564547655,2.697411876023615,161,12.318939680744212,0.19842779289619822,0.21701085724517755,"{""count"":162,""minimum_s"":32.805025508305995,""mean_s"":259.8321297870883,""maximum_s"":17340.0,""samples_s"":[17340.0,180.0,180.0,180.0,180.0,180.0,180.0,180.0,120.0,180.0,180.0,180.0,180.0,180.0,180.0,180.0,180.0,180.0,120.0,180.0,180.0,180.0,180.0,180.0,120.0,180.0,180.0,180.0,180.0,180.0,120.0,180.0,180.0,180.0,120.0,180.0,180.0,180.0,120.0,180.0,180.0,180.0,120.0,180.0,180.0,180.0,120.0,180.0,180.0,120.0,180.0,180.0,120.0,180.0,180.0,120.0,180.0,180.0,120.0,180.0,180.0,120.0,180.0,120.0,180.0,180.0,120.0,180.0,120.0,180.0,180.0,120.0,180.0,120.0,180.0,120.0,180.0,120.0,180.0,120.0,180.0,180.0,120.0,180.0,120.0,180.0,120.0,180.0,120.0,180.0,120.0,120.0,180.0,120.0,180.0,120.0,180.0,120.0,180.0,120.0,120.0,180.0,120.0,180.0,120.0,180.0,120.0,120.0,180.0,120.0,180.0,120.0,120.0,180.0,120.0,120.0,180.0,120.0,120.0,180.0,120.0,120.0,180.0,120.0,120.0,180.0,120.0,120.0,180.0,120.0,120.0,180.0,120.0,120.0,120.0,180.0,120.0,120.0,120.0,180.0,120.0,120.0,120.0,180.0,120.0,120.0,120.0,180.0,120.0,120.0,120.0,180.0,120.0,120.0,120.0,120.0,120.0,180.0,32.805025508305995,60.0,600.0,60.0]}","{""count"":162,""minimum_s"":40.0,""mean_s"":64.32098765432099,""maximum_s"":600.0,""samples_s"":[600.0,60.0,60.0,60.0,60.0,60.0,60.0,60.0,60.0,60.0,60.0,60.0,60.0,60.0,60.0,60.0,60.0,60.0,60.0,60.0,60.0,60.0,60.0,60.0,60.0,60.0,60.0,60.0,60.0,60.0,60.0,60.0,60.0,60.0,60.0,60.0,60.0,60.0,60.0,60.0,60.0,60.0,60.0,60.0,60.0,60.0,60.0,60.0,60.0,60.0,60.0,60.0,60.0,60.0,60.0,60.0,60.0,60.0,60.0,60.0,60.0,60.0,60.0,60.0,60.0,60.0,60.0,60.0,60.0,60.0,60.0,60.0,60.0,60.0,60.0,60.0,60.0,60.0,60.0,60.0,60.0,60.0,60.0,60.0,60.0,60.0,60.0,60.0,60.0,60.0,60.0,60.0,60.0,60.0,60.0,60.0,60.0,60.0,60.0,60.0,60.0,60.0,60.0,60.0,60.0,60.0,60.0,60.0,60.0,60.0,60.0,60.0,60.0,60.0,60.0,60.0,60.0,60.0,60.0,60.0,60.0,60.0,60.0,60.0,60.0,60.0,60.0,60.0,60.0,60.0,60.0,60.0,60.0,60.0,60.0,60.0,60.0,60.0,60.0,60.0,60.0,60.0,60.0,60.0,60.0,60.0,60.0,60.0,60.0,60.0,60.0,60.0,60.0,60.0,60.0,60.0,60.0,60.0,240.0,60.0,40.0,60.0]}",41.76208271061798,13.016870546252203,85.9819565156367,"{""charge:legacy_power"":{""duration_s"":29732.805025508307,""steps"":496},""discharge:legacy_power"":{""duration_s"":60.0,""steps"":1}}",True,True,[],fuel_reserve,0.0,True,"{""controller_infeasible"":false,""equivalence_factor_clamp_step_count"":0,""failure_flags"":[""battery_rate_limited"",""engine_power_limited""],""hard_dwell_infeasible"":false,""hard_dwell_violation_count"":0,""plant_infeasible_step_count"":0}",1.6342482922482304e-13,-4.902744876744691e-13,-0.7581187049413529,1.341189887998473e-16,0.7581187049417792,0.5398906000191346
restart_retuning_0_1:pi:r=1.400:kp=0.000:restart=0.100,restart_retuning_0_1,adaptive_pi_ecms,Tuned adaptive PI-ECMS,pi,True,pi:r=1.400:kp=0.000,"{""base_anchor"":""switching_s"",""base_equivalence_factor"":null,""class"":""PIECMS"",""controller_family"":""pi"",""engine_allow_shutdown"":true,""engine_min_power_fraction"":0.15,""equivalence_factor_clamp"":[0.5,20.0],""integral_action"":false,""kp"":0.0,""minimum_off_time_s"":null,""minimum_on_time_s"":null,""mission_timestep_s"":60.0,""neutral_s_role"":""diagnostic_only"",""restart_fuel_kg_per_start"":0.1,""s0_ratio"":1.4,""soc_ref"":0.6}",0.1,52836.61969367263,46496.61969367263,120.0,1500.0,3600.0,1000.0,120.0,"{""climb"":1500.0,""cruise"":3600.0,""descent"":1000.0,""landing"":120.0,""loiter"":46496.61969367263,""takeoff"":120.0}",288.6101983109414,267.23974093053783,16.1,283.33974093053695,5.2704573804044985,0.06123584073142788,0.05010580908396963,0.5302355322552174,161,12.00087240053569,0.20440368938464357,0.2232420349777069,"{""count"":162,""minimum_s"":60.0,""mean_s"":259.4853067510656,""maximum_s"":17280.0,""samples_s"":[17280.0,180.0,180.0,180.0,180.0,180.0,180.0,180.0,180.0,180.0,180.0,180.0,180.0,180.0,180.0,180.0,180.0,180.0,180.0,180.0,120.0,180.0,180.0,180.0,180.0,180.0,180.0,180.0,120.0,180.0,180.0,180.0,180.0,180.0,120.0,180.0,180.0,180.0,180.0,120.0,180.0,180.0,180.0,120.0,180.0,180.0,180.0,120.0,180.0,180.0,180.0,120.0,180.0,180.0,120.0,180.0,180.0,120.0,180.0,180.0,120.0,180.0,180.0,120.0,180.0,180.0,120.0,180.0,180.0,120.0,180.0,120.0,180.0,180.0,120.0,180.0,120.0,180.0,120.0,180.0,180.0,120.0,180.0,120.0,180.0,120.0,180.0,120.0,180.0,120.0,180.0,120.0,180.0,120.0,180.0,120.0,180.0,120.0,180.0,120.0,180.0,120.0,180.0,120.0,180.0,120.0,120.0,180.0,120.0,180.0,120.0,180.0,120.0,120.0,180.0,120.0,180.0,120.0,120.0,180.0,120.0,120.0,180.0,120.0,120.0,180.0,120.0,180.0,120.0,120.0,180.0,120.0,120.0,120.0,180.0,120.0,120.0,180.0,120.0,120.0,180.0,120.0,120.0,120.0,180.0,120.0,120.0,120.0,180.0,120.0,120.0,120.0,180.0,120.0,120.0,116.61969367262627,60.0,120.0,120.0,120.0,120.0,160.0]}","{""count"":162,""minimum_s"":60.0,""mean_s"":66.66666666666667,""maximum_s"":1140.0,""samples_s"":[1140.0,60.0,60.0,60.0,60.0,60.0,60.0,60.0,60.0,60.0,60.0,60.0,60.0,60.0,60.0,60.0,60.0,60.0,60.0,60.0,60.0,60.0,60.0,60.0,60.0,60.0,60.0,60.0,60.0,60.0,60.0,60.0,60.0,60.0,60.0,60.0,60.0,60.0,60.0,60.0,60.0,60.0,60.0,60.0,60.0,60.0,60.0,60.0,60.0,60.0,60.0,60.0,60.0,60.0,60.0,60.0,60.0,60.0,60.0,60.0,60.0,60.0,60.0,60.0,60.0,60.0,60.0,60.0,60.0,60.0,60.0,60.0,60.0,60.0,60.0,60.0,60.0,60.0,60.0,60.0,60.0,60.0,60.0,60.0,60.0,60.0,60.0,60.0,60.0,60.0,60.0,60.0,60.0,60.0,60.0,60.0,60.0,60.0,60.0,60.0,60.0,60.0,60.0,60.0,60.0,60.0,60.0,60.0,60.0,60.0,60.0,60.0,60.0,60.0,60.0,60.0,60.0,60.0,60.0,60.0,60.0,60.0,60.0,60.0,60.0,60.0,60.0,60.0,60.0,60.0,60.0,60.0,60.0,60.0,60.0,60.0,60.0,60.0,60.0,60.0,60.0,60.0,60.0,60.0,60.0,60.0,60.0,60.0,60.0,60.0,60.0,60.0,60.0,60.0,60.0,60.0,60.0,60.0,60.0,60.0,60.0,60.0]}",41.878296293633795,27.710659773528317,86.7791369750147,"{""charge:energy"":{""duration_s"":60.0,""steps"":1},""charge:legacy_power"":{""duration_s"":24756.619693672626,""steps"":413}}",True,True,[],fuel_reserve,0.0,True,"{""controller_infeasible"":false,""equivalence_factor_clamp_step_count"":0,""failure_flags"":[""engine_power_limited"",""battery_energy_limited"",""battery_rate_limited""],""hard_dwell_infeasible"":false,""hard_dwell_violation_count"":0,""plant_infeasible_step_count"":0}",1.0658141036401503e-13,-8.881784197001252e-13,-0.8321584842483389,0.0,0.8321584842482626,0.524314200039953
restart_retuning_0_1:pi:r=1.400:kp=2.500:restart=0.100,restart_retuning_0_1,adaptive_pi_ecms,Tuned adaptive PI-ECMS,pi,True,pi:r=1.400:kp=2.500,"{""base_anchor"":""switching_s"",""base_equivalence_factor"":null,""class"":""PIECMS"",""controller_family"":""pi"",""engine_allow_shutdown"":true,""engine_min_power_fraction"":0.15,""equivalence_factor_clamp"":[0.5,20.0],""integral_action"":false,""kp"":2.5,""minimum_off_time_s"":null,""minimum_on_time_s"":null,""mission_timestep_s"":60.0,""neutral_s_role"":""diagnostic_only"",""restart_fuel_kg_per_start"":0.1,""s0_ratio"":1.4,""soc_ref"":0.6}",0.1,52635.475250328884,46295.475250328884,120.0,1500.0,3600.0,1000.0,120.0,"{""climb"":1500.0,""cruise"":3600.0,""descent"":1000.0,""landing"":120.0,""loiter"":46295.475250328884,""takeoff"":120.0}",288.6101983109414,267.1883608995005,16.2,283.38836089949956,5.221837411441895,0.28032840977226303,0.0663202936743009,2.515077822798606,162,12.441820650624125,0.20176506338153835,0.22161993033924224,"{""count"":163,""minimum_s"":60.0,""mean_s"":257.76365184250847,""maximum_s"":17280.0,""samples_s"":[17280.0,120.0,180.0,180.0,120.0,180.0,180.0,180.0,180.0,180.0,180.0,180.0,120.0,180.0,180.0,180.0,180.0,180.0,180.0,120.0,180.0,180.0,180.0,180.0,120.0,180.0,180.0,180.0,120.0,180.0,180.0,180.0,120.0,180.0,180.0,180.0,120.0,180.0,180.0,180.0,120.0,180.0,180.0,120.0,180.0,180.0,120.0,180.0,180.0,120.0,180.0,180.0,120.0,180.0,120.0,180.0,180.0,120.0,180.0,120.0,180.0,180.0,120.0,180.0,120.0,180.0,180.0,120.0,180.0,120.0,180.0,120.0,180.0,120.0,180.0,120.0,180.0,120.0,180.0,120.0,180.0,120.0,180.0,120.0,180.0,120.0,180.0,120.0,180.0,120.0,120.0,180.0,120.0,180.0,120.0,180.0,120.0,120.0,180.0,120.0,180.0,120.0,120.0,180.0,120.0,180.0,120.0,120.0,180.0,120.0,120.0,180.0,120.0,120.0,180.0,120.0,120.0,180.0,120.0,120.0,180.0,120.0,120.0,180.0,120.0,120.0,120.0,180.0,120.0,120.0,120.0,180.0,120.0,120.0,180.0,120.0,120.0,120.0,120.0,180.0,120.0,120.0,120.0,180.0,120.0,120.0,120.0,120.0,180.0,120.0,120.0,120.0,120.0,120.0,180.0,120.0,120.0,120.0,120.0,120.0,155.47525032888296,60.0,700.0]}","{""count"":162,""minimum_s"":60.0,""mean_s"":65.55555555555556,""maximum_s"":720.0,""samples_s"":[720.0,60.0,60.0,60.0,60.0,60.0,60.0,60.0,60.0,60.0,60.0,60.0,60.0,60.0,60.0,60.0,60.0,60.0,60.0,60.0,60.0,60.0,60.0,60.0,60.0,60.0,60.0,60.0,60.0,60.0,60.0,60.0,60.0,60.0,60.0,60.0,60.0,60.0,60.0,60.0,60.0,60.0,60.0,60.0,60.0,60.0,60.0,60.0,60.0,60.0,60.0,60.0,60.0,60.0,60.0,60.0,60.0,60.0,60.0,60.0,60.0,60.0,60.0,60.0,60.0,60.0,60.0,60.0,60.0,60.0,60.0,60.0,60.0,60.0,60.0,60.0,60.0,60.0,60.0,60.0,60.0,60.0,60.0,60.0,60.0,60.0,60.0,60.0,60.0,60.0,60.0,60.0,60.0,60.0,60.0,60.0,60.0,60.0,60.0,60.0,60.0,60.0,60.0,60.0,60.0,60.0,60.0,60.0,60.0,60.0,60.0,60.0,60.0,60.0,60.0,60.0,60.0,60.0,60.0,60.0,60.0,60.0,60.0,60.0,60.0,60.0,60.0,60.0,60.0,60.0,60.0,60.0,60.0,60.0,60.0,60.0,60.0,60.0,60.0,60.0,60.0,60.0,60.0,60.0,60.0,60.0,60.0,60.0,60.0,60.0,60.0,60.0,60.0,60.0,60.0,60.0,60.0,60.0,60.0,60.0,300.0,60.0]}",41.89806084667738,30.13045719506567,86.7791369750147,"{""charge:energy"":{""duration_s"":60.0,""steps"":1},""charge:legacy_power"":{""duration_s"":24735.475250328884,""steps"":413}}",True,True,[],fuel_reserve,0.0,True,"{""controller_infeasible"":false,""equivalence_factor_clamp_step_count"":0,""failure_flags"":[""engine_power_limited"",""battery_energy_limited"",""battery_rate_limited""],""hard_dwell_infeasible"":false,""hard_dwell_violation_count"":0,""plant_infeasible_step_count"":0}",1.2434497875801753e-13,-9.201528428093297e-13,-0.7070219961310613,1.3403351255665053e-16,0.7070219961308979,0.46363590005785227
restart_retuning_0_1:pi:r=1.400:kp=5.000:restart=0.100,restart_retuning_0_1,adaptive_pi_ecms,Tuned adaptive PI-ECMS,pi,True,pi:r=1.400:kp=5.000,"{""base_anchor"":""switching_s"",""base_equivalence_factor"":null,""class"":""PIECMS"",""controller_family"":""pi"",""engine_allow_shutdown"":true,""engine_min_power_fraction"":0.15,""equivalence_factor_clamp"":[0.5,20.0],""integral_action"":false,""kp"":5.0,""minimum_off_time_s"":null,""minimum_on_time_s"":null,""mission_timestep_s"":60.0,""neutral_s_role"":""diagnostic_only"",""restart_fuel_kg_per_start"":0.1,""s0_ratio"":1.4,""soc_ref"":0.6}",0.1,52480.0,46140.0,120.0,1500.0,3600.0,1000.0,120.0,"{""climb"":1500.0,""cruise"":3600.0,""descent"":1000.0,""landing"":120.0,""loiter"":46140.0,""takeoff"":120.0}",288.6101983109414,267.23968484013096,16.1,283.33968484013053,5.270513470810891,0.41105431413049337,0.26701661526581105,3.7647021913546443,161,12.327698309492849,0.1989329268292683,0.21846553966189858,"{""count"":162,""minimum_s"":60.0,""mean_s"":259.5061728395062,""maximum_s"":17280.0,""samples_s"":[17280.0,60.0,180.0,180.0,180.0,180.0,180.0,180.0,180.0,180.0,180.0,120.0,180.0,180.0,180.0,180.0,180.0,180.0,180.0,180.0,120.0,180.0,180.0,180.0,180.0,180.0,120.0,180.0,180.0,180.0,180.0,120.0,180.0,180.0,180.0,180.0,120.0,180.0,180.0,180.0,120.0,180.0,180.0,120.0,180.0,180.0,180.0,120.0,180.0,180.0,120.0,180.0,180.0,120.0,180.0,180.0,120.0,180.0,180.0,120.0,180.0,120.0,180.0,180.0,120.0,180.0,120.0,180.0,180.0,120.0,180.0,120.0,180.0,180.0,120.0,180.0,120.0,180.0,120.0,180.0,120.0,180.0,120.0,180.0,120.0,180.0,120.0,180.0,120.0,180.0,120.0,180.0,120.0,180.0,120.0,180.0,120.0,120.0,180.0,120.0,180.0,120.0,180.0,120.0,120.0,180.0,120.0,180.0,120.0,120.0,180.0,120.0,180.0,120.0,120.0,180.0,120.0,120.0,180.0,120.0,120.0,180.0,120.0,120.0,180.0,120.0,120.0,180.0,120.0,120.0,180.0,120.0,120.0,120.0,180.0,120.0,120.0,180.0,120.0,120.0,120.0,180.0,120.0,120.0,120.0,180.0,120.0,120.0,120.0,120.0,180.0,120.0,120.0,120.0,120.0,180.0,120.0,120.0,120.0,360.0,340.0,60.0]}","{""count"":161,""minimum_s"":60.0,""mean_s"":64.84472049689441,""maximum_s"":600.0,""samples_s"":[600.0,60.0,60.0,60.0,60.0,60.0,60.0,60.0,60.0,60.0,60.0,60.0,60.0,60.0,60.0,60.0,60.0,60.0,60.0,60.0,60.0,60.0,60.0,60.0,60.0,60.0,60.0,60.0,60.0,60.0,60.0,60.0,60.0,60.0,60.0,60.0,60.0,60.0,60.0,60.0,60.0,60.0,60.0,60.0,60.0,60.0,60.0,60.0,60.0,60.0,60.0,60.0,60.0,60.0,60.0,60.0,60.0,60.0,60.0,60.0,60.0,60.0,60.0,60.0,60.0,60.0,60.0,60.0,60.0,60.0,60.0,60.0,60.0,60.0,60.0,60.0,60.0,60.0,60.0,60.0,60.0,60.0,60.0,60.0,60.0,60.0,60.0,60.0,60.0,60.0,60.0,60.0,60.0,60.0,60.0,60.0,60.0,60.0,60.0,60.0,60.0,60.0,60.0,60.0,60.0,60.0,60.0,60.0,60.0,60.0,60.0,60.0,60.0,60.0,60.0,60.0,60.0,60.0,60.0,60.0,60.0,60.0,60.0,60.0,60.0,60.0,60.0,60.0,60.0,60.0,60.0,60.0,60.0,60.0,60.0,60.0,60.0,60.0,60.0,60.0,60.0,60.0,60.0,60.0,60.0,60.0,60.0,60.0,60.0,60.0,60.0,60.0,60.0,60.0,60.0,60.0,60.0,60.0,300.0,60.0,60.0]}",41.873171236772244,13.016870546252203,86.7791369750147,"{""charge:legacy_power"":{""duration_s"":29260.0,""steps"":488}}",True,True,[],fuel_reserve,0.0,True,"{""controller_infeasible"":false,""equivalence_factor_clamp_step_count"":0,""failure_flags"":[""battery_rate_limited"",""engine_power_limited""],""hard_dwell_infeasible"":false,""hard_dwell_violation_count"":0,""plant_infeasible_step_count"":0}",1.3855583347321954e-13,-4.334310688136611e-13,-0.712856331374951,1.3405653871064088e-16,0.7128563313754519,0.544586000032723
restart_retuning_0_1:thermostat:low=0.200:high=0.275:restart=0.100,restart_retuning_0_1,optimised_thermostat,Optimised thermostat,thermostat,True,thermostat:low=0.200:high=0.275,"{""class"":""ThermostatParameters"",""controller_family"":""thermostat"",""dwell_semantics"":""hard"",""engine_allow_shutdown"":true,""engine_min_power_fraction"":0.15,""engine_on_power_kw"":null,""engine_on_power_rule"":""existing maximum-feasible selection"",""initial_elapsed_in_state_s"":60.0,""initial_engine_on"":true,""minimum_off_time_s"":60.0,""minimum_on_time_s"":60.0,""mission_timestep_s"":60.0,""restart_fuel_kg_per_start"":0.1,""soc_high"":0.275,""soc_low"":0.2,""terminal_strategy"":""causal""}",0.1,54349.28510027164,48009.28510027164,120.0,1500.0,3600.0,1000.0,120.0,"{""climb"":1500.0,""cruise"":3600.0,""descent"":1000.0,""landing"":120.0,""loiter"":48009.28510027164,""takeoff"":120.0}",288.6101983109414,275.6866431408097,7.6000000000000005,283.2866431408097,5.323555170131702,0.2687686086754274,0.15307440459839694,2.406926024374128,76,5.548926617915681,0.19650672461093,0.2149584185318687,"{""count"":77,""minimum_s"":300.0,""mean_s"":567.1335727308006,""maximum_s"":17520.0,""samples_s"":[17520.0,420.0,360.0,360.0,360.0,360.0,360.0,360.0,360.0,360.0,300.0,360.0,360.0,360.0,300.0,360.0,360.0,300.0,360.0,360.0,300.0,360.0,300.0,360.0,300.0,360.0,300.0,360.0,300.0,360.0,300.0,300.0,360.0,300.0,300.0,300.0,360.0,300.0,300.0,300.0,360.0,420.0,300.0,300.0,360.0,420.0,300.0,300.0,300.0,300.0,300.0,300.0,300.0,300.0,300.0,420.0,300.0,300.0,420.0,300.0,420.0,420.0,300.0,420.0,420.0,420.0,420.0,420.0,360.0,300.0,420.0,420.0,360.0,300.0,369.28510027164316,300.0,340.0]}","{""count"":76,""minimum_s"":120.0,""mean_s"":140.52631578947367,""maximum_s"":600.0,""samples_s"":[600.0,120.0,120.0,120.0,120.0,120.0,120.0,120.0,120.0,120.0,120.0,120.0,120.0,120.0,120.0,120.0,120.0,120.0,120.0,120.0,120.0,120.0,120.0,120.0,120.0,120.0,120.0,120.0,120.0,120.0,120.0,120.0,120.0,120.0,120.0,120.0,120.0,120.0,120.0,120.0,180.0,120.0,120.0,120.0,180.0,120.0,120.0,120.0,120.0,120.0,120.0,120.0,120.0,120.0,180.0,120.0,120.0,180.0,120.0,180.0,180.0,120.0,180.0,180.0,180.0,180.0,180.0,180.0,120.0,180.0,180.0,180.0,120.0,180.0,180.0,180.0]}",41.43577594466919,27.139989994975664,86.7791369750147,"{""charge:legacy_power"":{""duration_s"":26149.28510027164,""steps"":437}}",True,True,[],fuel_reserve,0.0,True,"{""controller_infeasible"":false,""equivalence_factor_clamp_step_count"":0,""failure_flags"":[""engine_power_limited"",""battery_rate_limited""],""hard_dwell_infeasible"":false,""hard_dwell_violation_count"":0,""plant_infeasible_step_count"":0}",1.2434497875801753e-13,2.220446049250313e-14,-0.7613486730542718,0.0,0.7613486730543766,0.4733397000236437
restart_retuning_0_1:thermostat:low=0.200:high=0.300:restart=0.100,restart_retuning_0_1,optimised_thermostat,Optimised thermostat,thermostat,True,thermostat:low=0.200:high=0.300,"{""class"":""ThermostatParameters"",""controller_family"":""thermostat"",""dwell_semantics"":""hard"",""engine_allow_shutdown"":true,""engine_min_power_fraction"":0.15,""engine_on_power_kw"":null,""engine_on_power_rule"":""existing maximum-feasible selection"",""initial_elapsed_in_state_s"":60.0,""initial_engine_on"":true,""minimum_off_time_s"":60.0,""minimum_on_time_s"":60.0,""mission_timestep_s"":60.0,""restart_fuel_kg_per_start"":0.1,""soc_high"":0.3,""soc_low"":0.2,""terminal_strategy"":""causal""}",0.1,54820.0,48480.0,120.0,1500.0,3600.0,1000.0,120.0,"{""climb"":1500.0,""cruise"":3600.0,""descent"":1000.0,""landing"":120.0,""loiter"":48480.0,""takeoff"":120.0}",288.6101983109414,277.7667464594478,5.800000000000001,283.56674645944776,5.043451851493653,0.26633560274237156,0.14976369989571303,2.384211813917674,58,4.158415841584159,0.19700839109813936,0.21658415841584158,"{""count"":59,""minimum_s"":360.0,""mean_s"":746.1016949152543,""maximum_s"":17520.0,""samples_s"":[17520.0,540.0,540.0,540.0,480.0,360.0,360.0,360.0,540.0,540.0,480.0,540.0,480.0,540.0,480.0,540.0,480.0,480.0,480.0,540.0,480.0,480.0,480.0,480.0,480.0,480.0,420.0,480.0,480.0,480.0,420.0,480.0,480.0,420.0,480.0,420.0,480.0,420.0,420.0,480.0,420.0,420.0,480.0,420.0,420.0,420.0,420.0,420.0,420.0,420.0,420.0,420.0,420.0,360.0,420.0,420.0,420.0,360.0,460.0]}","{""count"":59,""minimum_s"":60.0,""mean_s"":183.05084745762713,""maximum_s"":600.0,""samples_s"":[600.0,180.0,180.0,180.0,120.0,120.0,120.0,180.0,180.0,180.0,180.0,180.0,180.0,180.0,180.0,180.0,180.0,180.0,180.0,180.0,180.0,180.0,180.0,180.0,180.0,180.0,180.0,180.0,180.0,180.0,180.0,180.0,180.0,180.0,180.0,180.0,180.0,180.0,180.0,180.0,180.0,180.0,180.0,180.0,180.0,180.0,180.0,180.0,180.0,180.0,180.0,180.0,180.0,180.0,180.0,180.0,180.0,240.0,60.0]}",41.40533989514859,27.139970194800846,86.7791369750147,"{""charge:legacy_power"":{""duration_s"":26500.0,""steps"":442}}",True,True,[],fuel_reserve,0.0,True,"{""controller_infeasible"":false,""equivalence_factor_clamp_step_count"":0,""failure_flags"":[""engine_power_limited"",""battery_rate_limited""],""hard_dwell_infeasible"":false,""hard_dwell_violation_count"":0,""plant_infeasible_step_count"":0}",1.3145040611561853e-13,-4.618527782440651e-14,-0.7674532535625076,1.3394919504238745e-16,0.7674532535626923,0.5344750999938697
restart_retuning_0_1:thermostat:low=0.225:high=0.300:restart=0.100,restart_retuning_0_1,optimised_thermostat,Optimised thermostat,thermostat,True,thermostat:low=0.225:high=0.300,"{""class"":""ThermostatParameters"",""controller_family"":""thermostat"",""dwell_semantics"":""hard"",""engine_allow_shutdown"":true,""engine_min_power_fraction"":0.15,""engine_on_power_kw"":null,""engine_on_power_rule"":""existing maximum-feasible selection"",""initial_elapsed_in_state_s"":60.0,""initial_engine_on"":true,""minimum_off_time_s"":60.0,""minimum_on_time_s"":60.0,""mission_timestep_s"":60.0,""restart_fuel_kg_per_start"":0.1,""soc_high"":0.3,""soc_low"":0.225,""terminal_strategy"":""causal""}",0.1,54332.96065923401,47992.96065923401,120.0,1500.0,3600.0,1000.0,120.0,"{""climb"":1500.0,""cruise"":3600.0,""descent"":1000.0,""landing"":120.0,""loiter"":47992.96065923401,""takeoff"":120.0}",288.6101983109414,275.53799808212784,7.7,283.23799808212783,5.3722002288136155,0.25884831530296976,0.17967587634936322,2.314417631647149,77,5.625825043741099,0.19656576542888812,0.21503153500521532,"{""count"":78,""minimum_s"":220.0,""mean_s"":559.6533417850515,""maximum_s"":17520.0,""samples_s"":[17520.0,360.0,360.0,360.0,360.0,300.0,360.0,360.0,360.0,360.0,360.0,360.0,300.0,360.0,360.0,360.0,300.0,360.0,360.0,300.0,360.0,300.0,360.0,300.0,360.0,300.0,360.0,300.0,360.0,300.0,300.0,360.0,300.0,300.0,360.0,300.0,300.0,360.0,300.0,300.0,300.0,300.0,300.0,300.0,360.0,420.0,300.0,300.0,300.0,300.0,300.0,300.0,300.0,300.0,300.0,300.0,420.0,300.0,300.0,420.0,300.0,420.0,420.0,300.0,420.0,420.0,420.0,420.0,420.0,360.0,300.0,420.0,420.0,360.0,300.0,412.9606592340147,300.0,220.0]}","{""count"":77,""minimum_s"":120.0,""mean_s"":138.7012987012987,""maximum_s"":540.0,""samples_s"":[540.0,120.0,120.0,120.0,120.0,120.0,120.0,120.0,120.0,120.0,120.0,120.0,120.0,120.0,120.0,120.0,120.0,120.0,120.0,120.0,120.0,120.0,120.0,120.0,120.0,120.0,120.0,120.0,120.0,120.0,120.0,120.0,120.0,120.0,120.0,120.0,120.0,120.0,120.0,120.0,120.0,120.0,120.0,120.0,180.0,120.0,120.0,120.0,120.0,120.0,120.0,120.0,120.0,120.0,120.0,180.0,120.0,120.0,180.0,120.0,180.0,180.0,120.0,180.0,180.0,180.0,180.0,180.0,180.0,120.0,180.0,180.0,180.0,120.0,180.0,180.0,180.0]}",41.42533267868069,27.139989994975664,86.7791369750147,"{""charge:legacy_power"":{""duration_s"":26132.960659234013,""steps"":436}}",True,True,[],fuel_reserve,0.0,True,"{""controller_infeasible"":false,""equivalence_factor_clamp_step_count"":0,""failure_flags"":[""engine_power_limited"",""battery_rate_limited""],""hard_dwell_infeasible"":false,""hard_dwell_violation_count"":0,""plant_infeasible_step_count"":0}",1.2434497875801753e-13,-1.1546319456101628e-14,-0.7498956432882551,0.0,0.7498956432879123,0.5001841000048444
restart_retuning_0_1:thermostat:low=0.225:high=0.325:restart=0.100,restart_retuning_0_1,optimised_thermostat,Optimised thermostat,thermostat,True,thermostat:low=0.225:high=0.325,"{""class"":""ThermostatParameters"",""controller_family"":""thermostat"",""dwell_semantics"":""hard"",""engine_allow_shutdown"":true,""engine_min_power_fraction"":0.15,""engine_on_power_kw"":null,""engine_on_power_rule"":""existing maximum-feasible selection"",""initial_elapsed_in_state_s"":60.0,""initial_engine_on"":true,""minimum_off_time_s"":60.0,""minimum_on_time_s"":60.0,""mission_timestep_s"":60.0,""restart_fuel_kg_per_start"":0.1,""soc_high"":0.325,""soc_low"":0.225,""terminal_strategy"":""causal""}",0.1,54758.56861836674,48418.56861836674,120.0,1500.0,3600.0,1000.0,120.0,"{""climb"":1500.0,""cruise"":3600.0,""descent"":1000.0,""landing"":120.0,""loiter"":48418.56861836674,""takeoff"":120.0}",288.6101983109414,277.1913384532267,5.7,282.89133845322675,5.718859857714679,0.2141330213896499,0.17240877567546511,1.9009301131247998,57,4.16369185939806,0.19795988597781064,0.21561975700454242,"{""count"":58,""minimum_s"":360.0,""mean_s"":757.2167003166679,""maximum_s"":17520.0,""samples_s"":[17520.0,420.0,540.0,540.0,540.0,540.0,540.0,480.0,540.0,540.0,480.0,540.0,480.0,540.0,480.0,480.0,540.0,480.0,480.0,480.0,480.0,480.0,480.0,480.0,480.0,480.0,480.0,480.0,420.0,480.0,480.0,420.0,480.0,480.0,420.0,420.0,480.0,420.0,480.0,420.0,420.0,420.0,420.0,480.0,420.0,420.0,420.0,420.0,420.0,420.0,360.0,420.0,420.0,420.0,420.0,360.0,418.56861836674386,420.0]}","{""count"":58,""minimum_s"":160.0,""mean_s"":186.89655172413794,""maximum_s"":540.0,""samples_s"":[540.0,180.0,180.0,180.0,180.0,180.0,180.0,180.0,180.0,180.0,180.0,180.0,180.0,180.0,180.0,180.0,180.0,180.0,180.0,180.0,180.0,180.0,180.0,180.0,180.0,180.0,180.0,180.0,180.0,180.0,180.0,180.0,180.0,180.0,180.0,180.0,180.0,180.0,180.0,180.0,180.0,180.0,180.0,180.0,180.0,180.0,180.0,180.0,180.0,180.0,180.0,180.0,180.0,180.0,180.0,180.0,240.0,160.0]}",41.42005468961386,27.139989994975664,86.7791369750147,"{""charge:legacy_power"":{""duration_s"":26398.568618366742,""steps"":440}}",True,True,[],fuel_reserve,0.0,True,"{""controller_infeasible"":false,""equivalence_factor_clamp_step_count"":0,""failure_flags"":[""engine_power_limited"",""battery_rate_limited""],""hard_dwell_infeasible"":false,""hard_dwell_violation_count"":0,""plant_infeasible_step_count"":0}",1.2789769243681803e-13,4.529709940470639e-14,-0.7570081893454699,1.3426900108259062e-16,0.757008189345667,0.5852818000130355
restart_retuning_0_1:thermostat:low=0.225:high=0.350:restart=0.100,restart_retuning_0_1,optimised_thermostat,Optimised thermostat,thermostat,True,thermostat:low=0.225:high=0.350,"{""class"":""ThermostatParameters"",""controller_family"":""thermostat"",""dwell_semantics"":""hard"",""engine_allow_shutdown"":true,""engine_min_power_fraction"":0.15,""engine_on_power_kw"":null,""engine_on_power_rule"":""existing maximum-feasible selection"",""initial_elapsed_in_state_s"":60.0,""initial_engine_on"":true,""minimum_off_time_s"":60.0,""minimum_on_time_s"":60.0,""mission_timestep_s"":60.0,""restart_fuel_kg_per_start"":0.1,""soc_high"":0.35,""soc_low"":0.225,""terminal_strategy"":""causal""}",0.1,54876.880130153375,48536.880130153375,120.0,1500.0,3600.0,1000.0,120.0,"{""climb"":1500.0,""cruise"":3600.0,""descent"":1000.0,""landing"":120.0,""loiter"":48536.880130153375,""takeoff"":120.0}",288.6101983109414,278.5290591010949,5.0,283.52905910109484,5.081139209846588,0.3636680823973519,0.17802150457596896,3.306089955055255,50,3.6343497877691586,0.1957108344083624,0.21509417111286855,"{""count"":51,""minimum_s"":480.0,""mean_s"":865.4290221598701,""maximum_s"":17520.0,""samples_s"":[17520.0,480.0,540.0,540.0,540.0,540.0,540.0,540.0,480.0,540.0,540.0,480.0,540.0,480.0,480.0,540.0,480.0,480.0,480.0,540.0,480.0,480.0,480.0,480.0,600.0,480.0,480.0,600.0,480.0,600.0,480.0,600.0,600.0,600.0,600.0,540.0,480.0,540.0,600.0,540.0,600.0,540.0,600.0,540.0,540.0,540.0,540.0,540.0,540.0,536.8801301533756,580.0]}","{""count"":50,""minimum_s"":180.0,""mean_s"":214.8,""maximum_s"":540.0,""samples_s"":[540.0,180.0,180.0,180.0,180.0,180.0,180.0,180.0,180.0,180.0,180.0,180.0,180.0,180.0,180.0,180.0,180.0,180.0,180.0,180.0,180.0,180.0,180.0,240.0,180.0,180.0,240.0,180.0,240.0,180.0,240.0,240.0,240.0,240.0,240.0,180.0,240.0,240.0,240.0,240.0,240.0,240.0,240.0,240.0,240.0,240.0,240.0,240.0,240.0,300.0]}",41.410958228245335,27.139989994975664,86.7791369750147,"{""charge:legacy_power"":{""duration_s"":26616.880130153375,""steps"":444}}",True,True,[],fuel_reserve,0.0,True,"{""controller_infeasible"":false,""equivalence_factor_clamp_step_count"":0,""failure_flags"":[""engine_power_limited"",""battery_rate_limited""],""hard_dwell_infeasible"":false,""hard_dwell_violation_count"":0,""plant_infeasible_step_count"":0}",1.2079226507921703e-13,-5.684341886080802e-14,-0.7463653049644563,0.0,0.7463653049647023,0.5563526999903843
restart_retuning_0_1:thermostat:low=0.250:high=0.350:restart=0.100,restart_retuning_0_1,optimised_thermostat,Optimised thermostat,thermostat,True,thermostat:low=0.250:high=0.350,"{""class"":""ThermostatParameters"",""controller_family"":""thermostat"",""dwell_semantics"":""hard"",""engine_allow_shutdown"":true,""engine_min_power_fraction"":0.15,""engine_on_power_kw"":null,""engine_on_power_rule"":""existing maximum-feasible selection"",""initial_elapsed_in_state_s"":60.0,""initial_engine_on"":true,""minimum_off_time_s"":60.0,""minimum_on_time_s"":60.0,""mission_timestep_s"":60.0,""restart_fuel_kg_per_start"":0.1,""soc_high"":0.35,""soc_low"":0.25,""terminal_strategy"":""causal""}",0.1,54624.31643163028,48284.31643163028,120.0,1500.0,3600.0,1000.0,120.0,"{""climb"":1500.0,""cruise"":3600.0,""descent"":1000.0,""landing"":120.0,""loiter"":48284.31643163028,""takeoff"":120.0}",288.6101983109414,277.0490335434205,5.9,282.9490335434204,5.661164767521014,0.299533094231396,0.19796113676154928,2.6955980570403004,59,4.249827172981925,0.19661573272852875,0.21373399817335995,"{""count"":60,""minimum_s"":220.0,""mean_s"":731.4052738605046,""maximum_s"":17520.0,""samples_s"":[17520.0,480.0,360.0,360.0,360.0,360.0,360.0,540.0,540.0,540.0,480.0,540.0,480.0,540.0,480.0,540.0,480.0,480.0,540.0,480.0,480.0,480.0,480.0,480.0,480.0,480.0,480.0,480.0,480.0,420.0,480.0,480.0,420.0,480.0,480.0,420.0,480.0,420.0,420.0,480.0,420.0,420.0,480.0,420.0,420.0,420.0,420.0,420.0,420.0,420.0,420.0,420.0,420.0,420.0,360.0,420.0,420.0,404.31643163027746,360.0,220.0]}","{""count"":59,""minimum_s"":120.0,""mean_s"":182.03389830508473,""maximum_s"":540.0,""samples_s"":[540.0,120.0,120.0,120.0,120.0,120.0,180.0,180.0,180.0,180.0,180.0,180.0,180.0,180.0,180.0,180.0,180.0,180.0,180.0,180.0,180.0,180.0,180.0,180.0,180.0,180.0,180.0,180.0,180.0,180.0,180.0,180.0,180.0,180.0,180.0,180.0,180.0,180.0,180.0,180.0,180.0,180.0,180.0,180.0,180.0,180.0,180.0,180.0,180.0,180.0,180.0,180.0,180.0,180.0,180.0,180.0,180.0,240.0,180.0]}",41.43688922666484,27.139989994975664,86.7791369750147,"{""charge:legacy_power"":{""duration_s"":26364.31643163028,""steps"":440}}",True,True,[],fuel_reserve,0.0,True,"{""controller_infeasible"":false,""equivalence_factor_clamp_step_count"":0,""failure_flags"":[""engine_power_limited"",""battery_rate_limited""],""hard_dwell_infeasible"":false,""hard_dwell_violation_count"":0,""plant_infeasible_step_count"":0}",1.3145040611561853e-13,-7.993605777301127e-14,-0.7385293289680703,1.3424162278752924e-16,0.7385293289686583,0.46776560007128865
