candidate_id,stage,soc_low,soc_high,total_time_s,loiter_time_s,mission_complete,feasible,feasibility_reasons_json,termination_reason,final_soc,minimum_soc,final_stored_energy_kwh,fuel_consumed_kg,fuel_remaining_kg,restart_count,loiter_restarts_per_hour,overall_engine_off_fraction,loiter_engine_off_fraction,mean_engine_on_power_kw,minimum_engine_on_power_kw,maximum_engine_on_power_kw,constraint_encounters_json,descent_landing_completed,reserve_shortfall_kg,maximum_power_balance_residual_kw,fuel_ledger_residual_kg,energy_ledger_residual_kwh,discrete_energy_residual_fraction,minimum_transition_margin_s,minimum_bus_supply_margin_kw,failure_flags_json,runtime_s
0.400000000:0.600000000,reference,0.4,0.6,55614.32539909772,49274.32539909772,True,True,[],fuel_reserve,0.5187794330353487,0.35323007103028303,4.831155283360815,282.4977321873977,6.112466123543756,33,2.3379315509027645,0.19527342860075744,0.21065737411780117,41.4270994330123,27.139989994975664,86.7791369750147,"{""battery"": {""charge:legacy_power"": {""duration_s"": 27234.325399097717, ""steps"": 455}}, ""controller"": {""battery_cannot_carry_full_demand"": {""duration_s"": 16020.0, ""steps"": 267}, ""battery_charge_limit"": {""duration_s"": 38094.32539909772, ""steps"": 636}, ""engine_max"": {""duration_s"": 1500.0, ""steps"": 25}}}",True,0.0,2.0250467969162855e-13,-2.2737367544323206e-13,-0.6633774764900409,1.344560791158317e-16,240.0,17.700723984206064,"[""engine_power_limited"", ""battery_rate_limited""]",0.4210202000103891
0.050000000:0.100000000,coarse,0.05,0.1,51807.152632490936,45467.152632490936,False,False,"[""mission_incomplete"", ""descent_landing_incomplete"", ""reserve_shortfall"", ""terminal_constraint_failure""]",fuel_reserve_shortfall,0.06907991902560509,0.06907991902560509,0.5989307848088782,283.7639658837879,4.846232427153568,2,0.15835607868821905,0.013897694882162871,0.015835607868821905,33.85028947079049,16.059657585003364,86.7791369750147,"{""battery"": {""charge:legacy_power"": {""duration_s"": 60.0, ""steps"": 1}}, ""controller"": {""battery_cannot_carry_full_demand"": {""duration_s"": 49527.152632490936, ""steps"": 826}, ""battery_charge_limit"": {""duration_s"": 780.0, ""steps"": 13}, ""engine_max"": {""duration_s"": 1500.0, ""steps"": 25}}}",False,0.15376757284643183,0.0,5.684341886080802e-14,-0.052962939581448154,1.33856098714759e-16,0.0,17.700723984206064,"[""engine_power_limited"", ""battery_rate_limited"", ""fuel_reserve_shortfall""]",0.3729639999801293
0.050000000:0.200000000,coarse,0.05,0.2,51859.72700439056,45519.72700439056,False,False,"[""mission_incomplete"", ""descent_landing_incomplete"", ""reserve_shortfall"", ""terminal_constraint_failure""]",fuel_reserve_shortfall,0.06904714358350905,0.06904714358350905,0.5986433850544228,283.7639658837879,4.846232427153568,2,0.1581731805927907,0.016197539950969734,0.018453537735825584,33.9236956158834,16.059657585003364,86.7791369750147,"{""battery"": {""charge:legacy_power"": {""duration_s"": 360.0, ""steps"": 6}}, ""controller"": {""battery_cannot_carry_full_demand"": {""duration_s"": 49159.72700439056, ""steps"": 820}, ""battery_charge_limit"": {""duration_s"": 1200.0, ""steps"": 20}, ""engine_max"": {""duration_s"": 1500.0, ""steps"": 25}}}",False,0.15376757284643183,6.750155989720952e-14,5.684341886080802e-14,-0.06143806495538229,1.33856098714759e-16,120.0,17.700723984206064,"[""engine_power_limited"", ""battery_rate_limited"", ""fuel_reserve_shortfall""]",0.38531919999513775
0.050000000:0.300000000,coarse,0.05,0.3,51895.033328278594,45555.033328278594,True,True,[],fuel_reserve,0.07264539252153149,0.07264539252153149,0.6302138688339948,282.96001781899383,5.650180491947612,3,0.15805059230481458,0.02505056681968841,0.02107341230730861,34.23165738601033,24.476372495244195,86.7791369750147,"{""battery"": {""charge:legacy_power"": {""duration_s"": 1455.0333282785944, ""steps"": 25}}, ""controller"": {""battery_cannot_carry_full_demand"": {""duration_s"": 47640.0, ""steps"": 794}, ""battery_charge_limit"": {""duration_s"": 2755.033328278594, ""steps"": 47}, ""engine_max"": {""duration_s"": 1500.0, ""steps"": 25}}}",True,0.0,8.881784197001252e-14,5.684341886080802e-14,-0.08909508022361479,0.0,0.0,17.700723984206064,"[""engine_power_limited"", ""battery_rate_limited""]",0.39467920002061874
0.050000000:0.400000000,coarse,0.05,0.4,51948.811084316534,45608.811084316534,False,False,"[""mission_incomplete"", ""descent_landing_incomplete"", ""reserve_shortfall"", ""terminal_constraint_failure""]",fuel_reserve_shortfall,0.3686746494471013,0.09022834505878169,3.3542412768965013,284.65285881410097,3.9573394968404885,2,0.15786423344141629,0.021944679314213768,0.023679635016212442,34.3295258590203,24.474559469566213,86.7791369750147,"{""battery"": {""charge:legacy_power"": {""duration_s"": 2088.811084316534, ""steps"": 36}}, ""controller"": {""battery_cannot_carry_full_demand"": {""duration_s"": 47220.0, ""steps"": 787}, ""battery_charge_limit"": {""duration_s"": 3228.811084316534, ""steps"": 55}, ""engine_max"": {""duration_s"": 1500.0, ""steps"": 25}}}",False,1.0426605031595115,8.881784197001252e-14,5.684341886080802e-14,-0.08731695395090355,1.3343810277288602e-16,0.0,17.700723984206064,"[""engine_power_limited"", ""battery_rate_limited"", ""fuel_reserve_shortfall""]",0.39907769998535514
0.050000000:0.500000000,coarse,0.05,0.5,52049.49417791942,45709.49417791942,False,False,"[""mission_incomplete"", ""descent_landing_incomplete"", ""reserve_shortfall"", ""terminal_constraint_failure""]",fuel_reserve_shortfall,0.06474498026383614,0.06474498026383614,0.5609454200748305,283.7639658837879,4.846232427153568,2,0.15751651007063772,0.024207728046174187,0.0275653892623616,34.17581861945684,16.059657585003364,86.7791369750147,"{""battery"": {""charge:legacy_power"": {""duration_s"": 1380.0, ""steps"": 23}}, ""controller"": {""battery_cannot_carry_full_demand"": {""duration_s"": 47909.49417791942, ""steps"": 799}, ""battery_charge_limit"": {""duration_s"": 2640.0, ""steps"": 44}, ""engine_max"": {""duration_s"": 1500.0, ""steps"": 25}}}",False,0.15376757284643183,8.881784197001252e-14,5.684341886080802e-14,-0.08702810473869249,0.0,540.0,17.700723984206064,"[""engine_power_limited"", ""battery_rate_limited"", ""fuel_reserve_shortfall""]",0.5320827999385074
0.050000000:0.600000000,coarse,0.05,0.6,52082.477533633806,45742.477533633806,False,False,"[""mission_incomplete"", ""descent_landing_incomplete"", ""reserve_shortfall"", ""terminal_constraint_failure""]",fuel_reserve_shortfall,0.42744231403408883,0.08713027966278808,3.924801165759071,285.0058803635176,3.604317947423872,2,0.15740293023494278,0.02649643537231546,0.03016889496169737,34.516646484548914,24.47854178341146,86.7791369750147,"{""battery"": {""charge:legacy_power"": {""duration_s"": 2882.4775336338093, ""steps"": 49}}, ""controller"": {""battery_cannot_carry_full_demand"": {""duration_s"": 46320.0, ""steps"": 772}, ""battery_charge_limit"": {""duration_s"": 4262.47753363381, ""steps"": 72}, ""engine_max"": {""duration_s"": 1500.0, ""steps"": 25}}}",False,1.3956820525761282,8.881784197001252e-14,5.684341886080802e-14,-0.1018786069998896,1.332728201277279e-16,600.0,17.700723984206064,"[""engine_power_limited"", ""battery_rate_limited"", ""fuel_reserve_shortfall""]",0.7303100000135601
0.050000000:0.700000000,coarse,0.05,0.7,51789.35651226179,45449.35651226179,False,False,"[""mission_incomplete"", ""descent_landing_incomplete"", ""reserve_shortfall"", ""terminal_constraint_failure""]",fuel_reserve_shortfall,0.4224093834333452,0.07937855513195259,3.8755514111608713,285.0058803635176,3.604317947423872,1,0.07920904224526822,0.013902470478263828,0.015841808449053644,34.112827174864385,24.48054656407371,86.7791369750147,"{""battery"": {""charge:legacy_power"": {""duration_s"": 1269.3565122617892, ""steps"": 22}}, ""controller"": {""battery_cannot_carry_full_demand"": {""duration_s"": 48300.0, ""steps"": 805}, ""battery_charge_limit"": {""duration_s"": 1989.3565122617892, ""steps"": 34}, ""engine_max"": {""duration_s"": 1500.0, ""steps"": 25}}}",False,1.3956820525761282,8.171241461241152e-14,-1.7053025658242404e-13,-0.06211879549300647,0.0,660.0,17.700723984206064,"[""engine_power_limited"", ""battery_rate_limited"", ""fuel_reserve_shortfall""]",0.7052005999721587
0.050000000:0.800000000,coarse,0.05,0.8,52742.25117403312,46402.25117403312,False,False,"[""mission_incomplete"", ""descent_landing_incomplete"", ""reserve_shortfall"", ""terminal_constraint_failure""]",fuel_reserve_shortfall,0.4225580974302415,0.0817802574669424,3.8770056146933065,285.0058803635176,3.604317947423872,3,0.23274732856158759,0.054605177744440424,0.06206595428309003,35.463862558767964,24.478475817435122,86.7791369750147,"{""battery"": {""charge:legacy_power"": {""duration_s"": 6722.251174033115, ""steps"": 113}}, ""controller"": {""battery_cannot_carry_full_demand"": {""duration_s"": 41640.0, ""steps"": 694}, ""battery_charge_limit"": {""duration_s"": 9602.251174033116, ""steps"": 161}, ""engine_max"": {""duration_s"": 1500.0, ""steps"": 25}}}",False,1.3956820525761282,1.3145040611561853e-13,-2.8421709430404007e-13,-0.1911472533502092,1.3327282012772773e-16,780.0,17.700723984206064,"[""engine_power_limited"", ""battery_rate_limited"", ""fuel_reserve_shortfall""]",0.733339799917303
0.050000000:0.900000000,coarse,0.05,0.9,52359.64946983908,46019.64946983908,False,False,"[""mission_incomplete"", ""descent_landing_incomplete"", ""reserve_shortfall"", ""terminal_constraint_failure""]",fuel_reserve_shortfall,0.0517786084733609,0.0517786084733609,0.44764667876514713,283.7639658837879,4.846232427153568,2,0.15645490747857224,0.038961299792029905,0.04432889045226214,34.69749369806155,16.059657585003364,86.7791369750147,"{""battery"": {""charge:legacy_power"": {""duration_s"": 3780.0, ""steps"": 63}}, ""controller"": {""battery_cannot_carry_full_demand"": {""duration_s"": 45039.64946983908, ""steps"": 751}, ""battery_charge_limit"": {""duration_s"": 5820.0, ""steps"": 97}, ""engine_max"": {""duration_s"": 1500.0, ""steps"": 25}}}",False,0.15376757284643183,1.1013412404281553e-13,-1.7053025658242404e-13,-0.14527529845736353,1.3385609871475888e-16,900.0,17.700723984206064,"[""engine_power_limited"", ""battery_rate_limited"", ""fuel_reserve_shortfall""]",0.7338964999653399
0.050000000:1.000000000,coarse,0.05,1.0,50836.08889669913,44496.08889669913,False,False,"[""mission_incomplete"", ""descent_landing_incomplete"", ""reserve_shortfall"", ""terminal_constraint_failure""]",fuel_reserve_shortfall,1.0,0.6695007762201075,10.0,283.7639658837879,4.846232427153568,0,0.0,0.0,0.0,34.124609427621664,16.059657585003364,86.7791369750147,"{""battery"": {""charge:energy"": {""duration_s"": 60.0, ""steps"": 1}, ""charge:legacy_power"": {""duration_s"": 1260.0, ""steps"": 21}}, ""controller"": {""battery_cannot_carry_full_demand"": {""duration_s"": 16020.0, ""steps"": 267}, ""battery_charge_limit"": {""duration_s"": 1320.0, ""steps"": 22}, ""cycling_not_economic"": {""duration_s"": 31996.08889669913, ""steps"": 534}, ""engine_max"": {""duration_s"": 1500.0, ""steps"": 25}}}",False,0.15376757284643183,7.460698725481052e-14,-2.8421709430404007e-13,-0.013813551826387993,1.3385609871475883e-16,50776.08889669913,17.700723984206064,"[""engine_power_limited"", ""battery_rate_limited"", ""battery_energy_limited"", ""fuel_reserve_shortfall""]",0.6827359000453725
0.150000000:0.200000000,coarse,0.15,0.2,53638.16623955963,47298.16623955963,True,True,[],fuel_reserve,0.16575640772904768,0.0976765330437698,1.4600194758250347,282.7516633495657,5.858534961375703,40,2.816176832847128,0.10067458264479875,0.10528949420104128,36.920972819930874,27.139989994975664,86.7791369750147,"{""battery"": {""charge:legacy_power"": {""duration_s"": 11218.166239559627, ""steps"": 188}}, ""controller"": {""battery_cannot_carry_full_demand"": {""duration_s"": 35520.0, ""steps"": 592}, ""battery_charge_limit"": {""duration_s"": 16618.16623955963, ""steps"": 278}, ""engine_max"": {""duration_s"": 1500.0, ""steps"": 25}}}",True,0.0,1.0302869668521453e-13,5.684341886080802e-14,-0.3460731827831296,0.0,60.0,17.700723984206064,"[""engine_power_limited"", ""battery_rate_limited""]",0.7354744999902323
0.150000000:0.300000000,coarse,0.15,0.3,53638.16623955963,47298.16623955963,True,True,[],fuel_reserve,0.2758225816629689,0.0976765330437698,2.4728765521900553,283.3893349771784,5.220863333763002,20,1.4461448601106874,0.09843736969713655,0.10528949420104128,36.907383086849194,27.139989994975664,86.7791369750147,"{""battery"": {""charge:legacy_power"": {""duration_s"": 11338.166239559627, ""steps"": 190}}, ""controller"": {""battery_cannot_carry_full_demand"": {""duration_s"": 35520.0, ""steps"": 592}, ""battery_charge_limit"": {""duration_s"": 16618.16623955963, ""steps"": 278}, ""engine_max"": {""duration_s"": 1500.0, ""steps"": 25}}}",True,0.0,9.947598300641403e-14,0.0,-0.33239608511712504,1.340330518510538e-16,180.0,17.700723984206064,"[""engine_power_limited"", ""battery_rate_limited""]",0.7326522000366822
0.150000000:0.400000000,coarse,0.15,0.4,53698.16623955963,47358.16623955963,True,True,[],fuel_reserve,0.22123145749107984,0.0976765330437698,1.9661887181858662,283.357855922058,5.252342388883465,12,0.9121974820873407,0.09907228444759697,0.10642303957685642,36.87664951397142,27.139989994975664,86.7791369750147,"{""battery"": {""charge:legacy_power"": {""duration_s"": 11358.166239559627, ""steps"": 190}}, ""controller"": {""battery_cannot_carry_full_demand"": {""duration_s"": 35520.0, ""steps"": 592}, ""battery_charge_limit"": {""duration_s"": 16678.16623955963, ""steps"": 279}, ""engine_max"": {""duration_s"": 1500.0, ""steps"": 25}}}",True,0.0,1.1723955140041653e-13,5.684341886080802e-14,-0.3288846476925755,1.3404794197581655e-16,220.0,17.700723984206064,"[""engine_power_limited"", ""battery_rate_limited""]",0.7415574999758974
0.150000000:0.500000000,coarse,0.15,0.5,53758.16623955963,47418.16623955963,False,False,"[""mission_incomplete"", ""descent_landing_incomplete"", ""reserve_shortfall"", ""terminal_constraint_failure""]",fuel_reserve_shortfall,0.46270699482203864,0.0976765330437698,4.271913902842106,285.0058803635176,3.604317947423872,9,0.6832824330724455,0.09486930743271904,0.10755371631695902,36.878298630011635,27.139989994975664,86.7791369750147,"{""battery"": {""charge:legacy_power"": {""duration_s"": 11638.166239559627, ""steps"": 195}}, ""controller"": {""battery_cannot_carry_full_demand"": {""duration_s"": 35520.0, ""steps"": 592}, ""battery_charge_limit"": {""duration_s"": 16738.16623955963, ""steps"": 280}, ""engine_max"": {""duration_s"": 1500.0, ""steps"": 25}}}",False,1.3956820525761282,1.2079226507921703e-13,5.684341886080802e-14,-0.31429533126629394,0.0,480.0,17.700723984206064,"[""engine_power_limited"", ""battery_rate_limited"", ""fuel_reserve_shortfall""]",0.726534100016579
0.150000000:0.600000000,coarse,0.15,0.6,53578.16623955963,47238.16623955963,False,False,"[""mission_incomplete"", ""descent_landing_incomplete"", ""reserve_shortfall"", ""terminal_constraint_failure""]",fuel_reserve_shortfall,0.5785925988517695,0.0976765330437698,5.437607126509517,285.0058803635176,3.604317947423872,7,0.5334669401052289,0.09182845075364487,0.10415306925863992,36.878298630011635,27.139989994975664,86.7791369750147,"{""battery"": {""charge:legacy_power"": {""duration_s"": 11638.166239559627, ""steps"": 195}}, ""controller"": {""battery_cannot_carry_full_demand"": {""duration_s"": 35520.0, ""steps"": 592}, ""battery_charge_limit"": {""duration_s"": 16558.16623955963, ""steps"": 277}, ""engine_max"": {""duration_s"": 1500.0, ""steps"": 25}}}",False,1.3956820525761282,1.2789769243681803e-13,5.684341886080802e-14,-0.29943993674623925,1.332728201277279e-16,600.0,17.700723984206064,"[""engine_power_limited"", ""battery_rate_limited"", ""fuel_reserve_shortfall""]",0.7446354000130668
0.150000000:0.700000000,coarse,0.15,0.7,55434.32539909772,49094.32539909772,True,True,[],fuel_reserve,0.16794783317693104,0.10741608949187745,1.4798478196148752,279.79968768264615,8.8105106282953,13,0.9532669940884883,0.20095852019119767,0.2077633192244141,41.473507667594845,27.139989994975664,86.7791369750147,"{""battery"": {""charge:legacy_power"": {""duration_s"": 26774.325399097717, ""steps"": 447}}, ""controller"": {""battery_cannot_carry_full_demand"": {""duration_s"": 16020.0, ""steps"": 267}, ""battery_charge_limit"": {""duration_s"": 37914.32539909772, ""steps"": 633}, ""engine_max"": {""duration_s"": 1500.0, ""steps"": 25}}}",True,0.0,1.5987211554602254e-13,-2.2737367544323206e-13,-0.7038632200742541,1.3575260838787423e-16,600.0,17.700723984206064,"[""engine_power_limited"", ""battery_rate_limited""]",0.7927944000111893
0.150000000:0.800000000,coarse,0.15,0.8,54905.92607950009,48565.92607950009,False,False,"[""mission_incomplete"", ""descent_landing_incomplete"", ""reserve_shortfall"", ""terminal_constraint_failure""]",fuel_reserve_shortfall,0.5344487383480232,0.10155322228572776,4.989039834299904,285.0058803635176,3.604317947423872,8,0.5930083563701798,0.14315394641771909,0.16184186392602826,38.88556863991653,27.139989994975664,86.7791369750147,"{""battery"": {""charge:legacy_power"": {""duration_s"": 19025.926079500092, ""steps"": 318}}, ""controller"": {""battery_cannot_carry_full_demand"": {""duration_s"": 26520.0, ""steps"": 442}, ""battery_charge_limit"": {""duration_s"": 26885.926079500092, ""steps"": 449}, ""engine_max"": {""duration_s"": 1500.0, ""steps"": 25}}}",False,1.3956820525761282,1.4566126083082054e-13,-2.2737367544323206e-13,-0.46402964677145064,0.0,780.0,17.700723984206064,"[""engine_power_limited"", ""battery_rate_limited"", ""fuel_reserve_shortfall""]",0.7758996000047773
0.150000000:0.900000000,coarse,0.15,0.9,55692.27606362454,49352.27606362454,False,False,"[""mission_incomplete"", ""descent_landing_incomplete"", ""reserve_shortfall"", ""terminal_constraint_failure""]",fuel_reserve_shortfall,0.6612082175784534,0.1052668762870154,6.292065160662851,285.0058803635176,3.604317947423872,9,0.6565046758579116,0.17991722925011808,0.20303014975605788,40.707597447600094,27.139989994975664,86.7791369750147,"{""battery"": {""charge:legacy_power"": {""duration_s"": 25572.276063624533, ""steps"": 427}}, ""controller"": {""battery_cannot_carry_full_demand"": {""duration_s"": 18600.0, ""steps"": 310}, ""battery_charge_limit"": {""duration_s"": 35592.27606362454, ""steps"": 594}, ""engine_max"": {""duration_s"": 1500.0, ""steps"": 25}}}",False,1.3956820525761282,1.7053025658242404e-13,-2.8421709430404007e-13,-0.607967944797565,0.0,900.0,17.700723984206064,"[""engine_power_limited"", ""battery_rate_limited"", ""fuel_reserve_shortfall""]",0.7835142000112683
0.150000000:1.000000000,coarse,0.15,1.0,50836.08889669913,44496.08889669913,False,False,"[""mission_incomplete"", ""descent_landing_incomplete"", ""reserve_shortfall"", ""terminal_constraint_failure""]",fuel_reserve_shortfall,1.0,0.6695007762201075,10.0,283.7639658837879,4.846232427153568,0,0.0,0.0,0.0,34.124609427621664,16.059657585003364,86.7791369750147,"{""battery"": {""charge:energy"": {""duration_s"": 60.0, ""steps"": 1}, ""charge:legacy_power"": {""duration_s"": 1260.0, ""steps"": 21}}, ""controller"": {""battery_cannot_carry_full_demand"": {""duration_s"": 16020.0, ""steps"": 267}, ""battery_charge_limit"": {""duration_s"": 1320.0, ""steps"": 22}, ""cycling_not_economic"": {""duration_s"": 31996.08889669913, ""steps"": 534}, ""engine_max"": {""duration_s"": 1500.0, ""steps"": 25}}}",False,0.15376757284643183,7.460698725481052e-14,-2.8421709430404007e-13,-0.013813551826387993,1.3385609871475883e-16,50776.08889669913,17.700723984206064,"[""engine_power_limited"", ""battery_rate_limited"", ""battery_energy_limited"", ""fuel_reserve_shortfall""]",0.7006782999960706
0.250000000:0.300000000,coarse,0.25,0.3,56034.32539909772,49694.32539909772,True,True,[],fuel_reserve,0.31510023632186424,0.19777669440723017,2.8426993955161146,283.3868414306209,5.223356880320539,90,6.374973348682423,0.19809286398902085,0.21732863688690082,41.37211147875595,27.139989994975664,86.7791369750147,"{""battery"": {""charge:legacy_power"": {""duration_s"": 27414.325399097717, ""steps"": 458}}, ""controller"": {""battery_cannot_carry_full_demand"": {""duration_s"": 16020.0, ""steps"": 267}, ""battery_charge_limit"": {""duration_s"": 38514.32539909772, ""steps"": 643}, ""engine_max"": {""duration_s"": 1500.0, ""steps"": 25}}}",True,0.0,1.2789769243681803e-13,-2.2737367544323206e-13,-0.7786941490326171,1.3403423122005103e-16,0.0,17.700723984206064,"[""engine_power_limited"", ""battery_rate_limited""]",0.7808117000386119
0.250000000:0.400000000,coarse,0.25,0.4,55854.32539909772,49514.32539909772,True,True,[],fuel_reserve,0.3599158612578974,0.19825393553968101,3.2700494210462834,282.794596265075,5.815602045866433,44,3.1263679501290524,0.19765702872813395,0.21448338262513267,41.40883134046506,27.139989994975664,86.7791369750147,"{""battery"": {""charge:legacy_power"": {""duration_s"": 27294.325399097717, ""steps"": 456}}, ""controller"": {""battery_cannot_carry_full_demand"": {""duration_s"": 16020.0, ""steps"": 267}, ""battery_charge_limit"": {""duration_s"": 38334.32539909772, ""steps"": 640}, ""engine_max"": {""duration_s"": 1500.0, ""steps"": 25}}}",True,0.0,1.3145040611561853e-13,-2.2737367544323206e-13,-0.7477951279329318,0.0,0.0,17.700723984206064,"[""engine_power_limited"", ""battery_rate_limited""]",0.793865600018762
0.250000000:0.500000000,coarse,0.25,0.5,56034.32539909772,49694.32539909772,True,True,[],fuel_reserve,0.3263153670772747,0.19713706385790838,2.949105601792036,283.357855922058,5.252342388883465,28,2.0284006109444075,0.19773593990976135,0.21732863688690082,41.337605499936146,27.139989994975664,86.7791369750147,"{""battery"": {""charge:legacy_power"": {""duration_s"": 27434.325399097717, ""steps"": 458}}, ""controller"": {""battery_cannot_carry_full_demand"": {""duration_s"": 16020.0, ""steps"": 267}, ""battery_charge_limit"": {""duration_s"": 38514.32539909772, ""steps"": 643}, ""engine_max"": {""duration_s"": 1500.0, ""steps"": 25}}}",True,0.0,1.1013412404281553e-13,-2.2737367544323206e-13,-0.7328779170015878,0.0,220.0,17.700723984206064,"[""engine_power_limited"", ""battery_rate_limited""]",0.7723276999313384
0.250000000:0.600000000,coarse,0.25,0.6,55734.32539909772,49394.32539909772,True,True,[],fuel_reserve,0.21095336614743734,0.20442171491705005,1.871745027962227,281.3558550813559,7.254343229585512,20,1.4576573203146777,0.19987682492305442,0.21257502587922383,41.397515631478626,27.139989994975664,86.7791369750147,"{""battery"": {""charge:legacy_power"": {""duration_s"": 27074.325399097717, ""steps"": 452}}, ""controller"": {""battery_cannot_carry_full_demand"": {""duration_s"": 16020.0, ""steps"": 267}, ""battery_charge_limit"": {""duration_s"": 38214.32539909772, ""steps"": 638}, ""engine_max"": {""duration_s"": 1500.0, ""steps"": 25}}}",True,0.0,1.3145040611561853e-13,-2.2737367544323206e-13,-0.7099663501335272,1.3500176642156098e-16,360.0,17.700723984206064,"[""engine_power_limited"", ""battery_rate_limited""]",0.8080609999597073
0.250000000:0.700000000,coarse,0.25,0.7,55854.32539909772,49514.32539909772,False,False,"[""mission_incomplete"", ""descent_landing_incomplete"", ""reserve_shortfall"", ""terminal_constraint_failure""]",fuel_reserve_shortfall,0.6720298621671132,0.20612226270672357,6.405433298067185,284.65285881410097,3.9573394968404885,16,1.163299702373601,0.19121169083482525,0.21448338262513267,41.31730421563185,27.139989994975664,86.7791369750147,"{""battery"": {""charge:legacy_power"": {""duration_s"": 27654.325399097717, ""steps"": 462}}, ""controller"": {""battery_cannot_carry_full_demand"": {""duration_s"": 16020.0, ""steps"": 267}, ""battery_charge_limit"": {""duration_s"": 38334.32539909772, ""steps"": 640}, ""engine_max"": {""duration_s"": 1500.0, ""steps"": 25}}}",False,1.0426605031595115,1.4921397450962104e-13,-2.2737367544323206e-13,-0.677472189974651,0.0,0.0,17.700723984206064,"[""engine_power_limited"", ""battery_rate_limited"", ""fuel_reserve_shortfall""]",0.7712123999372125
0.250000000:0.800000000,coarse,0.25,0.8,55734.32539909772,49394.32539909772,False,False,"[""mission_incomplete"", ""descent_landing_incomplete"", ""reserve_shortfall"", ""terminal_constraint_failure""]",fuel_reserve_shortfall,0.8081545778701908,0.21239816791222943,7.8600589842195605,285.0058803635176,3.604317947423872,13,0.9474772582045404,0.18839377573537447,0.21257502587922383,41.31176616877945,27.139989994975664,86.7791369750147,"{""battery"": {""charge:legacy_power"": {""duration_s"": 27714.325399097717, ""steps"": 463}}, ""controller"": {""battery_cannot_carry_full_demand"": {""duration_s"": 16020.0, ""steps"": 267}, ""battery_charge_limit"": {""duration_s"": 38214.32539909772, ""steps"": 638}, ""engine_max"": {""duration_s"": 1500.0, ""steps"": 25}}}",False,1.3956820525761282,1.5987211554602254e-13,-2.2737367544323206e-13,-0.6511266259576587,1.3327282012772775e-16,660.0,17.700723984206064,"[""engine_power_limited"", ""battery_rate_limited"", ""fuel_reserve_shortfall""]",0.7905790000222623
0.250000000:0.900000000,coarse,0.25,0.9,55974.32539909772,49634.32539909772,False,False,"[""mission_incomplete"", ""descent_landing_incomplete"", ""reserve_shortfall"", ""terminal_constraint_failure""]",fuel_reserve_shortfall,0.6849599099502883,0.21103099334802547,6.5413279113440534,285.0058803635176,3.604317947423872,11,0.7978349596088169,0.19187368357588325,0.21638251177269427,41.31176616877945,27.139989994975664,86.7791369750147,"{""battery"": {""charge:legacy_power"": {""duration_s"": 27714.325399097717, ""steps"": 463}}, ""controller"": {""battery_cannot_carry_full_demand"": {""duration_s"": 16020.0, ""steps"": 267}, ""battery_charge_limit"": {""duration_s"": 38454.32539909772, ""steps"": 642}, ""engine_max"": {""duration_s"": 1500.0, ""steps"": 25}}}",False,1.3956820525761282,1.4921397450962104e-13,-2.2737367544323206e-13,-0.6409337032978328,1.3327282012772775e-16,780.0,17.700723984206064,"[""engine_power_limited"", ""battery_rate_limited"", ""fuel_reserve_shortfall""]",0.7780530999880284
0.250000000:1.000000000,coarse,0.25,1.0,50836.08889669913,44496.08889669913,False,False,"[""mission_incomplete"", ""descent_landing_incomplete"", ""reserve_shortfall"", ""terminal_constraint_failure""]",fuel_reserve_shortfall,1.0,0.6695007762201075,10.0,283.7639658837879,4.846232427153568,0,0.0,0.0,0.0,34.124609427621664,16.059657585003364,86.7791369750147,"{""battery"": {""charge:energy"": {""duration_s"": 60.0, ""steps"": 1}, ""charge:legacy_power"": {""duration_s"": 1260.0, ""steps"": 21}}, ""controller"": {""battery_cannot_carry_full_demand"": {""duration_s"": 16020.0, ""steps"": 267}, ""battery_charge_limit"": {""duration_s"": 1320.0, ""steps"": 22}, ""cycling_not_economic"": {""duration_s"": 31996.08889669913, ""steps"": 534}, ""engine_max"": {""duration_s"": 1500.0, ""steps"": 25}}}",False,0.15376757284643183,7.460698725481052e-14,-2.8421709430404007e-13,-0.013813551826387993,1.3385609871475883e-16,50776.08889669913,17.700723984206064,"[""engine_power_limited"", ""battery_rate_limited"", ""battery_energy_limited"", ""fuel_reserve_shortfall""]",0.7065623999806121
0.350000000:0.400000000,coarse,0.35,0.4,55854.32539909772,49514.32539909772,True,True,[],fuel_reserve,0.3768477194878527,0.2991824606344512,3.4330007437290164,282.8534912142841,5.756707096657379,89,6.252735900258105,0.19729895440072792,0.21448338262513267,41.39381778079618,27.139989994975664,86.7791369750147,"{""battery"": {""charge:legacy_power"": {""duration_s"": 27314.325399097717, ""steps"": 456}}, ""controller"": {""battery_cannot_carry_full_demand"": {""duration_s"": 16020.0, ""steps"": 267}, ""battery_charge_limit"": {""duration_s"": 38334.32539909772, ""steps"": 640}, ""engine_max"": {""duration_s"": 1500.0, ""steps"": 25}}}",True,0.0,1.3145040611561853e-13,-2.2737367544323206e-13,-0.7268528801637331,1.3428696695935853e-16,40.0,17.700723984206064,"[""engine_power_limited"", ""battery_rate_limited""]",0.7842227999353781
0.350000000:0.500000000,coarse,0.35,0.5,55854.32539909772,49514.32539909772,True,True,[],fuel_reserve,0.474327554137903,0.29970186592671855,4.3870742192026615,283.3893349771784,5.220863333763002,43,3.0536617187307025,0.19550858276369773,0.21448338262513267,41.37266641009972,27.139989994975664,86.7791369750147,"{""battery"": {""charge:legacy_power"": {""duration_s"": 27414.325399097717, ""steps"": 458}}, ""controller"": {""battery_cannot_carry_full_demand"": {""duration_s"": 16020.0, ""steps"": 267}, ""battery_charge_limit"": {""duration_s"": 38334.32539909772, ""steps"": 640}, ""engine_max"": {""duration_s"": 1500.0, ""steps"": 25}}}",True,0.0,1.2434497875801753e-13,-2.2737367544323206e-13,-0.7015940421451887,1.3403305185105366e-16,180.0,17.700723984206064,"[""engine_power_limited"", ""battery_rate_limited""]",0.7842731999699026
0.350000000:0.600000000,coarse,0.35,0.6,55854.32539909772,49514.32539909772,True,True,[],fuel_reserve,0.3648097287036092,0.3011177252989392,3.317063586254938,282.6908436217693,5.919354689172096,28,1.9630682477554515,0.19729895440072792,0.21448338262513267,41.35754031011564,27.139989994975664,86.7791369750147,"{""battery"": {""charge:legacy_power"": {""duration_s"": 27314.325399097717, ""steps"": 456}}, ""controller"": {""battery_cannot_carry_full_demand"": {""duration_s"": 16020.0, ""steps"": 267}, ""battery_charge_limit"": {""duration_s"": 38334.32539909772, ""steps"": 640}, ""engine_max"": {""duration_s"": 1500.0, ""steps"": 25}}}",True,0.0,1.3145040611561853e-13,-2.2737367544323206e-13,-0.6862050817107956,1.343642296382703e-16,0.0,17.700723984206064,"[""engine_power_limited"", ""battery_rate_limited""]",0.8056513000046834
0.350000000:0.700000000,coarse,0.35,0.7,55854.32539909772,49514.32539909772,False,False,"[""mission_incomplete"", ""descent_landing_incomplete"", ""reserve_shortfall"", ""terminal_constraint_failure""]",fuel_reserve_shortfall,0.6324382860006857,0.2998143222861131,5.992297002290858,284.2997854159938,4.310412894947596,20,1.454124627967001,0.19228591381704338,0.21448338262513267,41.32284550045171,27.139989994975664,86.7791369750147,"{""battery"": {""charge:legacy_power"": {""duration_s"": 27594.325399097717, ""steps"": 461}}, ""controller"": {""battery_cannot_carry_full_demand"": {""duration_s"": 16020.0, ""steps"": 267}, ""battery_charge_limit"": {""duration_s"": 38334.32539909772, ""steps"": 640}, ""engine_max"": {""duration_s"": 1500.0, ""steps"": 25}}}",False,0.6895871050524036,1.5987211554602254e-13,-2.2737367544323206e-13,-0.6573783344297226,1.3360382025422008e-16,60.0,17.700723984206064,"[""engine_power_limited"", ""battery_rate_limited"", ""fuel_reserve_shortfall""]",0.775507599930279
0.350000000:0.800000000,coarse,0.35,0.8,55434.32539909772,49094.32539909772,True,True,[],fuel_reserve,0.40393229241607803,0.3021368759576124,3.6953643590756804,281.0368596384112,7.573338672530192,15,1.0999234547174865,0.1966290727184968,0.2077633192244141,41.410889215960474,27.139989994975664,86.7791369750147,"{""battery"": {""charge:legacy_power"": {""duration_s"": 27014.325399097717, ""steps"": 451}}, ""controller"": {""battery_cannot_carry_full_demand"": {""duration_s"": 16020.0, ""steps"": 267}, ""battery_charge_limit"": {""duration_s"": 37914.32539909772, ""steps"": 633}, ""engine_max"": {""duration_s"": 1500.0, ""steps"": 25}}}",True,0.0,1.5276668818842154e-13,-2.2737367544323206e-13,-0.6377711583754717,0.0,540.0,17.700723984206064,"[""engine_power_limited"", ""battery_rate_limited""]",0.782881599967368
0.350000000:0.900000000,coarse,0.35,0.9,55194.32539909772,48854.32539909772,True,True,[],fuel_reserve,0.38800763188091003,0.3045796643076813,3.54085101954756,279.79968768264615,8.8105106282953,12,0.8842615192635094,0.19748406962463186,0.203871405830198,41.473507667594845,27.139989994975664,86.7791369750147,"{""battery"": {""charge:legacy_power"": {""duration_s"": 26774.325399097717, ""steps"": 447}}, ""controller"": {""battery_cannot_carry_full_demand"": {""duration_s"": 16020.0, ""steps"": 267}, ""battery_charge_limit"": {""duration_s"": 37674.32539909772, ""steps"": 629}, ""engine_max"": {""duration_s"": 1500.0, ""steps"": 25}}}",True,0.0,1.5987211554602254e-13,-2.2737367544323206e-13,-0.6148396395851705,1.3575260838787423e-16,660.0,17.700723984206064,"[""engine_power_limited"", ""battery_rate_limited""]",0.8082277999492362
0.350000000:1.000000000,coarse,0.35,1.0,50836.08889669913,44496.08889669913,False,False,"[""mission_incomplete"", ""descent_landing_incomplete"", ""reserve_shortfall"", ""terminal_constraint_failure""]",fuel_reserve_shortfall,1.0,0.6695007762201075,10.0,283.7639658837879,4.846232427153568,0,0.0,0.0,0.0,34.124609427621664,16.059657585003364,86.7791369750147,"{""battery"": {""charge:energy"": {""duration_s"": 60.0, ""steps"": 1}, ""charge:legacy_power"": {""duration_s"": 1260.0, ""steps"": 21}}, ""controller"": {""battery_cannot_carry_full_demand"": {""duration_s"": 16020.0, ""steps"": 267}, ""battery_charge_limit"": {""duration_s"": 1320.0, ""steps"": 22}, ""cycling_not_economic"": {""duration_s"": 31996.08889669913, ""steps"": 534}, ""engine_max"": {""duration_s"": 1500.0, ""steps"": 25}}}",False,0.15376757284643183,7.460698725481052e-14,-2.8421709430404007e-13,-0.013813551826387993,1.3385609871475883e-16,50776.08889669913,17.700723984206064,"[""engine_power_limited"", ""battery_rate_limited"", ""battery_energy_limited"", ""fuel_reserve_shortfall""]",0.6609871999826282
0.400000000:0.500000000,coarse,0.4,0.5,55734.32539909772,49394.32539909772,True,True,[],fuel_reserve,0.406536533518913,0.3522569669750363,3.720701648855789,282.4101465774278,6.200051733513668,59,4.1543233628968315,0.19700606262613443,0.21257502587922383,41.40752912127397,27.139989994975664,86.7791369750147,"{""battery"": {""charge:legacy_power"": {""duration_s"": 27234.325399097717, ""steps"": 455}}, ""controller"": {""battery_cannot_carry_full_demand"": {""duration_s"": 16020.0, ""steps"": 267}, ""battery_charge_limit"": {""duration_s"": 38214.32539909772, ""steps"": 638}, ""engine_max"": {""duration_s"": 1500.0, ""steps"": 25}}}",True,0.0,1.2789769243681803e-13,-2.2737367544323206e-13,-0.6905250657491706,0.0,100.0,17.700723984206064,"[""engine_power_limited"", ""battery_rate_limited""]",0.7655175999971107
0.400000000:0.700000000,coarse,0.4,0.7,55914.32539909772,49574.32539909772,False,False,"[""mission_incomplete"", ""descent_landing_incomplete"", ""reserve_shortfall"", ""terminal_constraint_failure""]",fuel_reserve_shortfall,0.7105133943672267,0.3526329560385057,6.811299499683712,285.0058803635176,3.604317947423872,23,1.6702193995262518,0.19100650725497872,0.21543409646063247,41.31176616877945,27.139989994975664,86.7791369750147,"{""battery"": {""charge:legacy_power"": {""duration_s"": 27714.325399097717, ""steps"": 463}}, ""controller"": {""battery_cannot_carry_full_demand"": {""duration_s"": 16020.0, ""steps"": 267}, ""battery_charge_limit"": {""duration_s"": 38394.32539909772, ""steps"": 641}, ""engine_max"": {""duration_s"": 1500.0, ""steps"": 25}}}",False,1.3956820525761282,1.5987211554602254e-13,-2.2737367544323206e-13,-0.6464003970718295,2.665456402554555e-16,360.0,17.700723984206064,"[""engine_power_limited"", ""battery_rate_limited"", ""fuel_reserve_shortfall""]",0.5192456999793649
0.400000000:0.800000000,coarse,0.4,0.8,55794.32539909772,49454.32539909772,False,False,"[""mission_incomplete"", ""descent_landing_incomplete"", ""reserve_shortfall"", ""terminal_constraint_failure""]",fuel_reserve_shortfall,0.7927952840029275,0.3530079428682414,7.693280094792641,285.0058803635176,3.604317947423872,17,1.2375055064671165,0.18926655935821696,0.21353036190020833,41.31176616877945,27.139989994975664,86.7791369750147,"{""battery"": {""charge:legacy_power"": {""duration_s"": 27714.325399097717, ""steps"": 463}}, ""controller"": {""battery_cannot_carry_full_demand"": {""duration_s"": 16020.0, ""steps"": 267}, ""battery_charge_limit"": {""duration_s"": 38274.32539909772, ""steps"": 639}, ""engine_max"": {""duration_s"": 1500.0, ""steps"": 25}}}",False,1.3956820525761282,1.5987211554602254e-13,-2.2737367544323206e-13,-0.6245421682938286,0.0,480.0,17.700723984206064,"[""engine_power_limited"", ""battery_rate_limited"", ""fuel_reserve_shortfall""]",0.5687618999509141
0.400000000:0.900000000,coarse,0.4,0.9,55134.32539909772,48794.32539909772,True,True,[],fuel_reserve,0.4040969580016044,0.3566851025841633,3.696965856393967,279.55703163517586,9.053166675765581,14,0.9591279235282839,0.19769898191550886,0.20289244536175238,41.50433298317671,27.139989994975664,86.7791369750147,"{""battery"": {""charge:legacy_power"": {""duration_s"": 26714.325399097717, ""steps"": 446}}, ""controller"": {""battery_cannot_carry_full_demand"": {""duration_s"": 16020.0, ""steps"": 267}, ""battery_charge_limit"": {""duration_s"": 37614.32539909772, ""steps"": 628}, ""engine_max"": {""duration_s"": 1500.0, ""steps"": 25}}}",True,0.0,1.5987211554602254e-13,-2.2737367544323206e-13,-0.6037969833305397,0.0,0.0,17.700723984206064,"[""engine_power_limited"", ""battery_rate_limited""]",0.468656700104475
0.400000000:1.000000000,coarse,0.4,1.0,50836.08889669913,44496.08889669913,False,False,"[""mission_incomplete"", ""descent_landing_incomplete"", ""reserve_shortfall"", ""terminal_constraint_failure""]",fuel_reserve_shortfall,1.0,0.6695007762201075,10.0,283.7639658837879,4.846232427153568,0,0.0,0.0,0.0,34.124609427621664,16.059657585003364,86.7791369750147,"{""battery"": {""charge:energy"": {""duration_s"": 60.0, ""steps"": 1}, ""charge:legacy_power"": {""duration_s"": 1260.0, ""steps"": 21}}, ""controller"": {""battery_cannot_carry_full_demand"": {""duration_s"": 16020.0, ""steps"": 267}, ""battery_charge_limit"": {""duration_s"": 1320.0, ""steps"": 22}, ""cycling_not_economic"": {""duration_s"": 31996.08889669913, ""steps"": 534}, ""engine_max"": {""duration_s"": 1500.0, ""steps"": 25}}}",False,0.15376757284643183,7.460698725481052e-14,-2.8421709430404007e-13,-0.013813551826387993,1.3385609871475883e-16,50776.08889669913,17.700723984206064,"[""engine_power_limited"", ""battery_rate_limited"", ""battery_energy_limited"", ""fuel_reserve_shortfall""]",0.4773061000742018
0.450000000:0.500000000,coarse,0.45,0.5,55734.32539909772,49394.32539909772,True,True,[],fuel_reserve,0.4816784772357939,0.40263542185746903,4.460121455495652,282.8534912142841,5.756707096657379,89,6.267926477353114,0.19557068147767445,0.21257502587922383,41.39381778079618,27.139989994975664,86.7791369750147,"{""battery"": {""charge:legacy_power"": {""duration_s"": 27314.325399097717, ""steps"": 456}}, ""controller"": {""battery_cannot_carry_full_demand"": {""duration_s"": 16020.0, ""steps"": 267}, ""battery_charge_limit"": {""duration_s"": 38214.32539909772, ""steps"": 638}, ""engine_max"": {""duration_s"": 1500.0, ""steps"": 25}}}",True,0.0,1.2434497875801753e-13,-2.2737367544323206e-13,-0.6786059775677131,0.0,40.0,17.700723984206064,"[""engine_power_limited"", ""battery_rate_limited""]",0.5182555000064895
0.450000000:0.600000000,coarse,0.45,0.6,55854.32539909772,49514.32539909772,True,True,[],fuel_reserve,0.4758376514608765,0.4047309824689185,4.402067684732945,283.28291764023794,5.327280670703479,42,2.980955487332352,0.19550858276369773,0.21448338262513267,41.348983549392386,27.139989994975664,86.7791369750147,"{""battery"": {""charge:legacy_power"": {""duration_s"": 27414.325399097717, ""steps"": 458}}, ""controller"": {""battery_cannot_carry_full_demand"": {""duration_s"": 16020.0, ""steps"": 267}, ""battery_charge_limit"": {""duration_s"": 38334.32539909772, ""steps"": 640}, ""engine_max"": {""duration_s"": 1500.0, ""steps"": 25}}}",True,0.0,1.4210854715202004e-13,-2.2737367544323206e-13,-0.6625802169701274,0.0,100.0,17.700723984206064,"[""engine_power_limited"", ""battery_rate_limited""]",0.5518209999427199
0.450000000:0.700000000,coarse,0.45,0.7,55554.32539909772,49214.32539909772,True,True,[],fuel_reserve,0.49955204120721997,0.40462316498015793,4.6383778415966,282.05837540682535,6.551822904116088,27,1.9018852588339257,0.19548432857356562,0.2096950413586123,41.4135349641518,27.139989994975664,86.7791369750147,"{""battery"": {""charge:legacy_power"": {""duration_s"": 27174.325399097717, ""steps"": 454}}, ""controller"": {""battery_cannot_carry_full_demand"": {""duration_s"": 16020.0, ""steps"": 267}, ""battery_charge_limit"": {""duration_s"": 38034.32539909772, ""steps"": 635}, ""engine_max"": {""duration_s"": 1500.0, ""steps"": 25}}}",True,0.0,1.9539925233402755e-13,-2.2737367544323206e-13,-0.6357111455022277,0.0,220.0,17.700723984206064,"[""engine_power_limited"", ""battery_rate_limited""]",0.47882790002040565
0.450000000:0.800000000,coarse,0.45,0.8,55614.32539909772,49274.32539909772,True,True,[],fuel_reserve,0.6062124636230215,0.40524730052806734,5.72109761827146,283.01328344207195,5.596914868869491,19,1.3881468583485164,0.19275609158380477,0.21065737411780117,41.345094610904454,27.139989994975664,86.7791369750147,"{""battery"": {""charge:legacy_power"": {""duration_s"": 27374.325399097717, ""steps"": 457}}, ""controller"": {""battery_cannot_carry_full_demand"": {""duration_s"": 16020.0, ""steps"": 267}, ""battery_charge_limit"": {""duration_s"": 38094.32539909772, ""steps"": 636}, ""engine_max"": {""duration_s"": 1500.0, ""steps"": 25}}}",True,0.0,1.5276668818842154e-13,-2.2737367544323206e-13,-0.6174708351645677,0.0,280.0,17.700723984206064,"[""engine_power_limited"", ""battery_rate_limited""]",0.5371984000084922
0.450000000:0.900000000,coarse,0.45,0.9,55794.32539909772,49454.32539909772,False,False,"[""mission_incomplete"", ""descent_landing_incomplete"", ""reserve_shortfall"", ""terminal_constraint_failure""]",fuel_reserve_shortfall,0.8140124053533131,0.41144535757382633,7.923843754555665,285.0058803635176,3.604317947423872,15,1.0919166233533382,0.18926655935821696,0.21353036190020833,41.31176616877945,27.139989994975664,86.7791369750147,"{""battery"": {""charge:legacy_power"": {""duration_s"": 27714.325399097717, ""steps"": 463}}, ""controller"": {""battery_cannot_carry_full_demand"": {""duration_s"": 16020.0, ""steps"": 267}, ""battery_charge_limit"": {""duration_s"": 38274.32539909772, ""steps"": 639}, ""engine_max"": {""duration_s"": 1500.0, ""steps"": 25}}}",False,1.3956820525761282,1.5631940186722204e-13,-2.2737367544323206e-13,-0.5969645135414794,0.0,540.0,17.700723984206064,"[""engine_power_limited"", ""battery_rate_limited"", ""fuel_reserve_shortfall""]",0.5135641000233591
0.450000000:1.000000000,coarse,0.45,1.0,50836.08889669913,44496.08889669913,False,False,"[""mission_incomplete"", ""descent_landing_incomplete"", ""reserve_shortfall"", ""terminal_constraint_failure""]",fuel_reserve_shortfall,1.0,0.6695007762201075,10.0,283.7639658837879,4.846232427153568,0,0.0,0.0,0.0,34.124609427621664,16.059657585003364,86.7791369750147,"{""battery"": {""charge:energy"": {""duration_s"": 60.0, ""steps"": 1}, ""charge:legacy_power"": {""duration_s"": 1260.0, ""steps"": 21}}, ""controller"": {""battery_cannot_carry_full_demand"": {""duration_s"": 16020.0, ""steps"": 267}, ""battery_charge_limit"": {""duration_s"": 1320.0, ""steps"": 22}, ""cycling_not_economic"": {""duration_s"": 31996.08889669913, ""steps"": 534}, ""engine_max"": {""duration_s"": 1500.0, ""steps"": 25}}}",False,0.15376757284643183,7.460698725481052e-14,-2.8421709430404007e-13,-0.013813551826387993,1.3385609871475883e-16,50776.08889669913,17.700723984206064,"[""engine_power_limited"", ""battery_rate_limited"", ""battery_energy_limited"", ""fuel_reserve_shortfall""]",0.48090379999484867
0.550000000:0.600000000,coarse,0.55,0.6,55614.32539909772,49274.32539909772,True,True,[],fuel_reserve,0.5694492052132937,0.5048444072453289,5.344239469425449,282.7516633495657,5.858534961375703,89,6.283191043051179,0.1941945698792063,0.21065737411780117,41.399251163785635,27.139989994975664,86.7791369750147,"{""battery"": {""charge:legacy_power"": {""duration_s"": 27294.325399097717, ""steps"": 456}}, ""controller"": {""battery_cannot_carry_full_demand"": {""duration_s"": 16020.0, ""steps"": 267}, ""battery_charge_limit"": {""duration_s"": 38094.32539909772, ""steps"": 636}, ""engine_max"": {""duration_s"": 1500.0, ""steps"": 25}}}",True,0.0,1.6697754290362354e-13,-2.2737367544323206e-13,-0.6352262278237504,0.0,60.0,17.700723984206064,"[""engine_power_limited"", ""battery_rate_limited""]",0.5326654999516904
0.550000000:0.700000000,coarse,0.55,0.7,55494.32539909772,49154.32539909772,True,True,[],fuel_reserve,0.6666998516602707,0.5062672229187223,6.349554003093502,282.794596265075,5.815602045866433,41,2.9295489019699428,0.19245210971018753,0.20873035926535843,41.40883134046506,27.139989994975664,86.7791369750147,"{""battery"": {""charge:legacy_power"": {""duration_s"": 27294.325399097717, ""steps"": 456}}, ""controller"": {""battery_cannot_carry_full_demand"": {""duration_s"": 16020.0, ""steps"": 267}, ""battery_charge_limit"": {""duration_s"": 37974.32539909772, ""steps"": 634}, ""engine_max"": {""duration_s"": 1500.0, ""steps"": 25}}}",True,0.0,2.0250467969162855e-13,-2.2737367544323206e-13,-0.6106066978604758,0.0,0.0,17.700723984206064,"[""engine_power_limited"", ""battery_rate_limited""]",0.5909835000056773
0.550000000:0.800000000,coarse,0.55,0.8,55434.32539909772,49094.32539909772,True,True,[],fuel_reserve,0.6018997823656501,0.5098656313264148,5.676688631722454,282.05837540682535,6.551822904116088,26,1.8332057578624774,0.1937427744033629,0.2077633192244141,41.4135349641518,27.139989994975664,86.7791369750147,"{""battery"": {""charge:legacy_power"": {""duration_s"": 27174.325399097717, ""steps"": 454}}, ""controller"": {""battery_cannot_carry_full_demand"": {""duration_s"": 16020.0, ""steps"": 267}, ""battery_charge_limit"": {""duration_s"": 37914.32539909772, ""steps"": 633}, ""engine_max"": {""duration_s"": 1500.0, ""steps"": 25}}}",True,0.0,1.5987211554602254e-13,-2.2737367544323206e-13,-0.5943391491450711,0.0,220.0,17.700723984206064,"[""engine_power_limited"", ""battery_rate_limited""]",0.49744509998708963
0.550000000:0.900000000,coarse,0.55,0.9,55314.32539909772,48974.32539909772,True,True,[],fuel_reserve,0.5326118287913286,0.5048343431342908,4.970494761309165,281.07542990284037,7.5347684081010815,19,1.3231422683607572,0.19488622381673018,0.20582213063389557,41.419550010546104,27.139989994975664,86.7791369750147,"{""battery"": {""charge:legacy_power"": {""duration_s"": 27014.325399097717, ""steps"": 451}}, ""controller"": {""battery_cannot_carry_full_demand"": {""duration_s"": 16020.0, ""steps"": 267}, ""battery_charge_limit"": {""duration_s"": 37794.32539909772, ""steps"": 631}, ""engine_max"": {""duration_s"": 1500.0, ""steps"": 25}}}",True,0.0,1.6697754290362354e-13,-2.2737367544323206e-13,-0.5787465662401701,1.3513645586937852e-16,0.0,17.700723984206064,"[""engine_power_limited"", ""battery_rate_limited""]",0.5980279999785125
0.550000000:1.000000000,coarse,0.55,1.0,50836.08889669913,44496.08889669913,False,False,"[""mission_incomplete"", ""descent_landing_incomplete"", ""reserve_shortfall"", ""terminal_constraint_failure""]",fuel_reserve_shortfall,1.0,0.6695007762201075,10.0,283.7639658837879,4.846232427153568,0,0.0,0.0,0.0,34.124609427621664,16.059657585003364,86.7791369750147,"{""battery"": {""charge:energy"": {""duration_s"": 60.0, ""steps"": 1}, ""charge:legacy_power"": {""duration_s"": 1260.0, ""steps"": 21}}, ""controller"": {""battery_cannot_carry_full_demand"": {""duration_s"": 16020.0, ""steps"": 267}, ""battery_charge_limit"": {""duration_s"": 1320.0, ""steps"": 22}, ""cycling_not_economic"": {""duration_s"": 31996.08889669913, ""steps"": 534}, ""engine_max"": {""duration_s"": 1500.0, ""steps"": 25}}}",False,0.15376757284643183,7.460698725481052e-14,-2.8421709430404007e-13,-0.013813551826387993,1.3385609871475883e-16,50776.08889669913,17.700723984206064,"[""engine_power_limited"", ""battery_rate_limited"", ""battery_energy_limited"", ""fuel_reserve_shortfall""]",0.4552059000125155
0.700000000:0.800000000,coarse,0.7,0.8,55434.32539909772,49094.32539909772,True,True,[],fuel_reserve,0.771916587869031,0.6630042585533997,7.467649636916505,283.0757362739618,5.534462036979606,55,3.959724436982951,0.19049568879883727,0.2077633192244141,41.38710807582509,27.139989994975664,86.7791369750147,"{""battery"": {""charge:legacy_power"": {""duration_s"": 27354.325399097717, ""steps"": 457}}, ""controller"": {""battery_cannot_carry_full_demand"": {""duration_s"": 16020.0, ""steps"": 267}, ""battery_charge_limit"": {""duration_s"": 37914.32539909772, ""steps"": 633}, ""engine_max"": {""duration_s"": 1500.0, ""steps"": 25}}}",True,0.0,1.6342482922482304e-13,-2.2737367544323206e-13,-0.5649449342222397,0.0,0.0,17.700723984206064,"[""engine_power_limited"", ""battery_rate_limited""]",0.5289469000417739
0.700000000:0.900000000,coarse,0.7,0.9,55494.32539909772,49154.32539909772,True,True,[],fuel_reserve,0.6767690427090375,0.6573682087278631,6.455186562033617,282.67318721959754,5.937011091343876,30,2.197161676477457,0.1920917125009924,0.20873035926535843,41.353602166290656,27.139989994975664,86.7791369750147,"{""battery"": {""charge:legacy_power"": {""duration_s"": 27314.325399097717, ""steps"": 456}}, ""controller"": {""battery_cannot_carry_full_demand"": {""duration_s"": 16020.0, ""steps"": 267}, ""battery_charge_limit"": {""duration_s"": 37974.32539909772, ""steps"": 634}, ""engine_max"": {""duration_s"": 1500.0, ""steps"": 25}}}",True,0.0,1.6697754290362354e-13,-2.2737367544323206e-13,-0.5544411826235773,2.687452446596845e-16,240.0,17.700723984206064,"[""engine_power_limited"", ""battery_rate_limited""]",0.5936437000054866
0.700000000:1.000000000,coarse,0.7,1.0,50836.08889669913,44496.08889669913,False,False,"[""mission_incomplete"", ""descent_landing_incomplete"", ""reserve_shortfall"", ""terminal_constraint_failure""]",fuel_reserve_shortfall,1.0,0.6695007762201075,10.0,283.7639658837879,4.846232427153568,0,0.0,0.0,0.0,34.124609427621664,16.059657585003364,86.7791369750147,"{""battery"": {""charge:energy"": {""duration_s"": 60.0, ""steps"": 1}, ""charge:legacy_power"": {""duration_s"": 1260.0, ""steps"": 21}}, ""controller"": {""battery_cannot_carry_full_demand"": {""duration_s"": 16020.0, ""steps"": 267}, ""battery_charge_limit"": {""duration_s"": 1320.0, ""steps"": 22}, ""cycling_not_economic"": {""duration_s"": 31996.08889669913, ""steps"": 534}, ""engine_max"": {""duration_s"": 1500.0, ""steps"": 25}}}",False,0.15376757284643183,7.460698725481052e-14,-2.8421709430404007e-13,-0.013813551826387993,1.3385609871475883e-16,50776.08889669913,17.700723984206064,"[""engine_power_limited"", ""battery_rate_limited"", ""battery_energy_limited"", ""fuel_reserve_shortfall""]",0.49182350002229214
0.850000000:0.900000000,coarse,0.85,0.9,55314.32539909772,48974.32539909772,True,True,[],fuel_reserve,0.9142356367605867,0.6695007762201075,9.030343742980795,283.3868414306209,5.223356880320539,86,6.174663919016867,0.18765482404616504,0.20582213063389557,41.37211147875595,27.139989994975664,86.7791369750147,"{""battery"": {""charge:legacy_power"": {""duration_s"": 27414.325399097717, ""steps"": 458}}, ""controller"": {""battery_cannot_carry_full_demand"": {""duration_s"": 16020.0, ""steps"": 267}, ""battery_charge_limit"": {""duration_s"": 37794.32539909772, ""steps"": 631}, ""engine_max"": {""duration_s"": 1500.0, ""steps"": 25}}}",True,0.0,1.7408297026122455e-13,-2.2737367544323206e-13,-0.5225361348175284,0.0,60.0,17.700723984206064,"[""engine_power_limited"", ""battery_rate_limited""]",0.5216215000255033
0.850000000:1.000000000,coarse,0.85,1.0,50836.08889669913,44496.08889669913,False,False,"[""mission_incomplete"", ""descent_landing_incomplete"", ""reserve_shortfall"", ""terminal_constraint_failure""]",fuel_reserve_shortfall,1.0,0.6695007762201075,10.0,283.7639658837879,4.846232427153568,0,0.0,0.0,0.0,34.124609427621664,16.059657585003364,86.7791369750147,"{""battery"": {""charge:energy"": {""duration_s"": 60.0, ""steps"": 1}, ""charge:legacy_power"": {""duration_s"": 1260.0, ""steps"": 21}}, ""controller"": {""battery_cannot_carry_full_demand"": {""duration_s"": 16020.0, ""steps"": 267}, ""battery_charge_limit"": {""duration_s"": 1320.0, ""steps"": 22}, ""cycling_not_economic"": {""duration_s"": 31996.08889669913, ""steps"": 534}, ""engine_max"": {""duration_s"": 1500.0, ""steps"": 25}}}",False,0.15376757284643183,7.460698725481052e-14,-2.8421709430404007e-13,-0.013813551826387993,1.3385609871475883e-16,50776.08889669913,17.700723984206064,"[""engine_power_limited"", ""battery_rate_limited"", ""battery_energy_limited"", ""fuel_reserve_shortfall""]",0.4987488000188023
0.225000000:0.500000000,refine,0.225,0.5,55674.32539909772,49334.32539909772,True,True,[],fuel_reserve,0.35791436744645255,0.17623742437837558,3.2508412844332994,281.9078466223703,6.70235168857112,26,1.8242876389193725,0.19829607131941862,0.2116173661146472,41.464643864925506,33.24534403413261,86.7791369750147,"{""battery"": {""charge:legacy_power"": {""duration_s"": 27114.325399097717, ""steps"": 453}}, ""controller"": {""battery_cannot_carry_full_demand"": {""duration_s"": 16020.0, ""steps"": 267}, ""battery_charge_limit"": {""duration_s"": 38154.32539909772, ""steps"": 637}, ""engine_max"": {""duration_s"": 1500.0, ""steps"": 25}}}",True,0.0,1.2079226507921703e-13,-2.2737367544323206e-13,-0.7257764448518174,1.3473742531158642e-16,300.0,17.700723984206064,"[""engine_power_limited"", ""battery_rate_limited""]",0.5591705000260845
0.225000000:0.300000000,refine,0.225,0.3,56094.32539909772,49754.32539909772,True,True,[],fuel_reserve,0.22035789264692873,0.17966161710819917,1.958149938190525,283.10238327388976,5.5078150370516985,81,5.716085942653692,0.19966369004912132,0.21827248008867473,41.36494117971371,27.139989994975664,86.7791369750147,"{""battery"": {""charge:legacy_power"": {""duration_s"": 27374.325399097717, ""steps"": 457}}, ""controller"": {""battery_cannot_carry_full_demand"": {""duration_s"": 16020.0, ""steps"": 267}, ""battery_charge_limit"": {""duration_s"": 38574.32539909772, ""steps"": 644}, ""engine_max"": {""duration_s"": 1500.0, ""steps"": 25}}}",True,0.0,1.2434497875801753e-13,-2.2737367544323206e-13,-0.7858634770686876,1.3416890733937867e-16,0.0,17.700723984206064,"[""engine_power_limited"", ""battery_rate_limited""]",0.5949997999705374
0.325000000:0.600000000,refine,0.325,0.6,55794.32539909772,49454.32539909772,True,True,[],fuel_reserve,0.3544345254113576,0.2762740351381454,3.2174728361024574,282.38576668932274,6.224431621618698,26,1.81986103892223,0.19751112539086654,0.21353036190020833,41.37389723212928,27.139989994975664,86.7791369750147,"{""battery"": {""charge:legacy_power"": {""duration_s"": 27254.325399097717, ""steps"": 455}}, ""controller"": {""battery_cannot_carry_full_demand"": {""duration_s"": 16020.0, ""steps"": 267}, ""battery_charge_limit"": {""duration_s"": 38274.32539909772, ""steps"": 639}, ""engine_max"": {""duration_s"": 1500.0, ""steps"": 25}}}",True,0.0,1.3145040611561853e-13,-2.2737367544323206e-13,-0.6895035192537762,0.0,60.0,17.700723984206064,"[""engine_power_limited"", ""battery_rate_limited""]",0.5357064999407157
0.425000000:0.600000000,refine,0.425,0.6,55734.32539909772,49394.32539909772,True,True,[],fuel_reserve,0.5224060914165569,0.38204166927295025,4.867635246926381,283.0537267946048,5.55647151633663,38,2.696666042582154,0.19485299090344443,0.21257502587922383,41.382203382738055,27.139989994975664,86.7791369750147,"{""battery"": {""charge:legacy_power"": {""duration_s"": 27354.325399097717, ""steps"": 457}}, ""controller"": {""battery_cannot_carry_full_demand"": {""duration_s"": 16020.0, ""steps"": 267}, ""battery_charge_limit"": {""duration_s"": 38214.32539909772, ""steps"": 638}, ""engine_max"": {""duration_s"": 1500.0, ""steps"": 25}}}",True,0.0,1.2434497875801753e-13,-2.2737367544323206e-13,-0.6614261667009487,0.0,180.0,17.700723984206064,"[""engine_power_limited"", ""battery_rate_limited""]",0.5562429999699816
0.275000000:0.500000000,refine,0.275,0.5,56034.32539909772,49694.32539909772,True,True,[],fuel_reserve,0.2735939905322742,0.23045057129921143,2.4520251640700277,283.01328344207195,5.596914868869491,31,2.2457292478313082,0.19880671214753984,0.21732863688690082,41.345094610904454,27.139989994975664,86.7791369750147,"{""battery"": {""charge:legacy_power"": {""duration_s"": 27374.325399097717, ""steps"": 457}}, ""controller"": {""battery_cannot_carry_full_demand"": {""duration_s"": 16020.0, ""steps"": 267}, ""battery_charge_limit"": {""duration_s"": 38514.32539909772, ""steps"": 643}, ""engine_max"": {""duration_s"": 1500.0, ""steps"": 25}}}",True,0.0,1.2434497875801753e-13,-2.2737367544323206e-13,-0.7277104385407256,0.0,240.0,17.700723984206064,"[""engine_power_limited"", ""battery_rate_limited""]",0.5493523000041023
0.375000000:0.600000000,refine,0.375,0.6,55674.32539909772,49334.32539909772,True,True,[],fuel_reserve,0.4530221528417315,0.3281181430001409,4.176231411451066,282.40259887094936,6.2075994399920775,30,2.116173661146472,0.1961406792398597,0.2116173661146472,41.40584264596435,27.139989994975664,86.7791369750147,"{""battery"": {""charge:legacy_power"": {""duration_s"": 27234.325399097717, ""steps"": 455}}, ""controller"": {""battery_cannot_carry_full_demand"": {""duration_s"": 16020.0, ""steps"": 267}, ""battery_charge_limit"": {""duration_s"": 38154.32539909772, ""steps"": 637}, ""engine_max"": {""duration_s"": 1500.0, ""steps"": 25}}}",True,0.0,1.5276668818842154e-13,-2.2737367544323206e-13,-0.6734535929881531,0.0,240.0,17.700723984206064,"[""engine_power_limited"", ""battery_rate_limited""]",0.5776662999996915
0.475000000:0.600000000,refine,0.475,0.6,55614.32539909772,49274.32539909772,True,True,[],fuel_reserve,0.47384050247307075,0.43228362931818626,4.382239766603367,282.1909478953441,6.419250415597341,50,3.5068973263541463,0.19599266774845822,0.21065737411780117,41.4149563990155,27.139989994975664,86.7791369750147,"{""battery"": {""charge:legacy_power"": {""duration_s"": 27194.325399097717, ""steps"": 454}}, ""controller"": {""battery_cannot_carry_full_demand"": {""duration_s"": 16020.0, ""steps"": 267}, ""battery_charge_limit"": {""duration_s"": 38094.32539909772, ""steps"": 636}, ""engine_max"": {""duration_s"": 1500.0, ""steps"": 25}}}",True,0.0,1.6342482922482304e-13,-2.2737367544323206e-13,-0.6504071279100572,0.0,0.0,17.700723984206064,"[""engine_power_limited"", ""battery_rate_limited""]",0.5495611999649554
0.250000000:0.475000000,refine,0.25,0.475,56034.32539909772,49694.32539909772,True,True,[],fuel_reserve,0.20845615630932385,0.2028369590721733,1.8488441527988577,282.67318721959754,5.937011091343876,31,2.2457292478313082,0.19987748438531833,0.21732863688690082,41.353602166290656,27.139989994975664,86.7791369750147,"{""battery"": {""charge:legacy_power"": {""duration_s"": 27314.325399097717, ""steps"": 456}}, ""controller"": {""battery_cannot_carry_full_demand"": {""duration_s"": 16020.0, ""steps"": 267}, ""battery_charge_limit"": {""duration_s"": 38514.32539909772, ""steps"": 643}, ""engine_max"": {""duration_s"": 1500.0, ""steps"": 25}}}",True,0.0,1.2079226507921703e-13,-2.2737367544323206e-13,-0.7418032955552007,2.687452446596845e-16,240.0,17.700723984206064,"[""engine_power_limited"", ""battery_rate_limited""]",0.584048300050199
0.350000000:0.575000000,refine,0.35,0.575,55674.32539909772,49334.32539909772,True,True,[],fuel_reserve,0.46360194361132656,0.3052014945225277,4.280769176840227,282.4666845687347,6.143513742206734,31,2.189145166703247,0.1961406792398597,0.2116173661146472,41.4201620882113,27.139989994975664,86.7791369750147,"{""battery"": {""charge:legacy_power"": {""duration_s"": 27234.325399097717, ""steps"": 455}}, ""controller"": {""battery_cannot_carry_full_demand"": {""duration_s"": 16020.0, ""steps"": 267}, ""battery_charge_limit"": {""duration_s"": 38154.32539909772, ""steps"": 637}, ""engine_max"": {""duration_s"": 1500.0, ""steps"": 25}}}",True,0.0,1.3145040611561853e-13,-2.2737367544323206e-13,-0.6806142214136344,1.3447085799525133e-16,240.0,17.700723984206064,"[""engine_power_limited"", ""battery_rate_limited""]",0.5683032999513671
0.450000000:0.575000000,refine,0.45,0.575,55794.32539909772,49454.32539909772,True,True,[],fuel_reserve,0.5311682549165335,0.4043010545531014,4.95592749218611,283.3688850131394,5.241313297802011,49,3.494133194730682,0.1946434502490754,0.21353036190020833,41.3681153316408,27.139989994975664,86.7791369750147,"{""battery"": {""charge:legacy_power"": {""duration_s"": 27414.325399097717, ""steps"": 458}}, ""controller"": {""battery_cannot_carry_full_demand"": {""duration_s"": 16020.0, ""steps"": 267}, ""battery_charge_limit"": {""duration_s"": 38274.32539909772, ""steps"": 639}, ""engine_max"": {""duration_s"": 1500.0, ""steps"": 25}}}",True,0.0,1.3145040611561853e-13,-2.2737367544323206e-13,-0.6629116244616853,0.0,120.0,17.700723984206064,"[""engine_power_limited"", ""battery_rate_limited""]",0.5689998000161722
0.250000000:0.525000000,refine,0.25,0.525,55674.32539909772,49334.32539909772,True,True,[],fuel_reserve,0.34478964365962006,0.20706748861427643,3.1251682290466403,281.83107614705716,6.779122163884293,26,1.8242876389193725,0.19829607131941862,0.2116173661146472,41.44744399136928,27.139989994975664,86.7791369750147,"{""battery"": {""charge:legacy_power"": {""duration_s"": 27114.325399097717, ""steps"": 453}}, ""controller"": {""battery_cannot_carry_full_demand"": {""duration_s"": 16020.0, ""steps"": 267}, ""battery_charge_limit"": {""duration_s"": 38154.32539909772, ""steps"": 637}, ""engine_max"": {""duration_s"": 1500.0, ""steps"": 25}}}",True,0.0,1.1723955140041653e-13,-2.2737367544323206e-13,-0.7161415512646272,1.347741276381185e-16,300.0,17.700723984206064,"[""engine_power_limited"", ""battery_rate_limited""]",0.5055091000394896
0.250000000:0.325000000,refine,0.25,0.325,55914.32539909772,49574.32539909772,True,True,[],fuel_reserve,0.2469981279300574,0.20568312000943417,2.2042812039732818,282.42649801516245,6.1837002957789835,79,5.591604076674843,0.199591069378798,0.21543409646063247,41.411182720694555,28.893111181343823,86.7791369750147,"{""battery"": {""charge:legacy_power"": {""duration_s"": 27234.325399097717, ""steps"": 455}}, ""controller"": {""battery_cannot_carry_full_demand"": {""duration_s"": 16020.0, ""steps"": 267}, ""battery_charge_limit"": {""duration_s"": 38394.32539909772, ""steps"": 641}, ""engine_max"": {""duration_s"": 1500.0, ""steps"": 25}}}",True,0.0,1.1723955140041653e-13,-2.2737367544323206e-13,-0.7685302100512672,0.0,60.0,17.700723984206064,"[""engine_power_limited"", ""battery_rate_limited""]",0.6874776999466121
0.350000000:0.625000000,refine,0.35,0.625,55794.32539909772,49454.32539909772,True,True,[],fuel_reserve,0.35496815233881707,0.3027436342757572,3.222587576011051,282.3594919876277,6.250706323313732,26,1.81986103892223,0.19751112539086654,0.21353036190020833,41.3680289802995,27.139989994975664,86.7791369750147,"{""battery"": {""charge:legacy_power"": {""duration_s"": 27254.325399097717, ""steps"": 455}}, ""controller"": {""battery_cannot_carry_full_demand"": {""duration_s"": 16020.0, ""steps"": 267}, ""battery_charge_limit"": {""duration_s"": 38274.32539909772, ""steps"": 639}, ""engine_max"": {""duration_s"": 1500.0, ""steps"": 25}}}",True,0.0,1.3145040611561853e-13,-2.2737367544323206e-13,-0.6795294374237528,0.0,0.0,17.700723984206064,"[""engine_power_limited"", ""battery_rate_limited""]",0.5789575999369845
0.450000000:0.625000000,refine,0.45,0.625,55554.32539909772,49214.32539909772,True,True,[],fuel_reserve,0.6207489690880196,0.404703821612295,5.871175853074224,282.85113408202443,5.759064228917016,37,2.6333795891546665,0.19332428074402347,0.2096950413586123,41.421447354752,27.139989994975664,86.7791369750147,"{""battery"": {""charge:legacy_power"": {""duration_s"": 27294.325399097717, ""steps"": 456}}, ""controller"": {""battery_cannot_carry_full_demand"": {""duration_s"": 16020.0, ""steps"": 267}, ""battery_charge_limit"": {""duration_s"": 38034.32539909772, ""steps"": 635}, ""engine_max"": {""duration_s"": 1500.0, ""steps"": 25}}}",True,0.0,2.0961010704922955e-13,-2.2737367544323206e-13,-0.6442674246231945,0.0,180.0,17.700723984206064,"[""engine_power_limited"", ""battery_rate_limited""]",0.5691698000300676
0.225000000:0.475000000,refine,0.225,0.475,56034.32539909772,49694.32539909772,True,True,[],fuel_reserve,0.2609096068341141,0.17405265198150546,2.333616377061453,283.01328344207195,5.596914868869491,28,2.0284006109444075,0.19880671214753984,0.21732863688690082,41.345094610904454,27.139989994975664,86.7791369750147,"{""battery"": {""charge:legacy_power"": {""duration_s"": 27374.325399097717, ""steps"": 457}}, ""controller"": {""battery_cannot_carry_full_demand"": {""duration_s"": 16020.0, ""steps"": 267}, ""battery_charge_limit"": {""duration_s"": 38514.32539909772, ""steps"": 643}, ""engine_max"": {""duration_s"": 1500.0, ""steps"": 25}}}",True,0.0,1.2079226507921703e-13,-2.2737367544323206e-13,-0.747129615697304,1.3421114714852727e-16,240.0,17.700723984206064,"[""engine_power_limited"", ""battery_rate_limited""]",0.48753929999656975
0.225000000:0.275000000,refine,0.225,0.275,55974.32539909772,49634.32539909772,True,True,[],fuel_reserve,0.2466997249394132,0.17219908729481614,2.201513005602373,282.7516633495657,5.858534961375703,89,6.237618775123478,0.19937712371572225,0.21638251177269427,41.399251163785635,27.139989994975664,86.7791369750147,"{""battery"": {""charge:legacy_power"": {""duration_s"": 27294.325399097717, ""steps"": 456}}, ""controller"": {""battery_cannot_carry_full_demand"": {""duration_s"": 16020.0, ""steps"": 267}, ""battery_charge_limit"": {""duration_s"": 38454.32539909772, ""steps"": 642}, ""engine_max"": {""duration_s"": 1500.0, ""steps"": 25}}}",True,0.0,1.2079226507921703e-13,-2.2737367544323206e-13,-0.7917530940612778,0.0,60.0,17.700723984206064,"[""engine_power_limited"", ""battery_rate_limited""]",0.5531259999843314
