time,soc,p_gen,p_batt,fuel,weight
0.0,0.8401496934987659,0.0,51.922909704309156,150.0,858.3035414500032
0.08333333333333333,0.20714301514702785,54.0,-2.0770902956908444,149.73,858.0335414500032
0.16666666666666666,0.07398323111001762,0.0,51.802498326308516,148.64999999999995,856.9535414500033
0.25,0.10854993210937647,54.0,-2.293694306917132,147.2999999999999,855.6035414500034
0.3333333333333333,0.14496604586647155,54.0,-2.413764511980567,145.94999999999985,854.2535414500035
0.4166666666666667,0.1832286547760971,54.0,-2.5336451765232937,144.5999999999998,852.9035414500036
0.5,0.22333484123304792,54.0,-2.653336300545334,143.24999999999974,851.5535414500036
0.5833333333333334,0.09881616435220669,54.0,-2.748952730588094,142.1699999999997,850.4735414500037
0.6666666666666666,0.14223343802922567,54.0,-2.868302681672901,140.81999999999965,849.1235414500038
0.75,0.18748611995899486,54.0,-2.9874630922370358,139.4699999999996,847.7735414500039
0.8333333333333334,0.2345712925363091,54.0,-3.106433962280498,138.11999999999955,846.423541450004
0.9166666666666666,0.11694868572317257,54.0,-3.2014741891403418,137.0399999999995,845.3435414500041
1.0,0.16732498910095034,54.0,-3.3201038862465637,135.68999999999946,843.9935414500042
1.0833333333333333,0.2195256138316982,54.0,-3.438544042832099,134.3399999999994,842.6435414500042
1.1666666666666667,0.10708442977362129,54.0,-3.5331596989256226,133.25999999999937,841.5635414500043
1.25,0.16256148057459768,54.0,-3.6512586825739106,131.90999999999931,840.2135414500044
1.3333333333333333,0.21985468343396927,54.0,-3.7691681257015404,130.55999999999926,838.8635414500045
1.4166666666666667,0.1124988885252902,54.0,-3.863359211028744,129.47999999999922,837.7835414500046
1.5,0.17305381272465553,54.0,-3.980927481219112,128.12999999999917,836.4335414500047
1.5833333333333333,0.23541671968784103,54.0,-4.0983062108887935,126.77999999999919,835.0835414500048
1.6666666666666667,0.13305126063824685,54.0,-4.19207272544967,125.6999999999992,834.0035414500048
1.75,0.19866118421119117,54.0,-4.309110282182111,124.34999999999923,832.6535414500049
1.8333333333333333,0.09975416792354497,54.0,-4.402603858393206,123.26999999999924,831.573541450005
1.9166666666666667,0.16860165506538274,54.0,-4.519300242188429,121.91999999999926,830.2235414500051
2.0,0.23924370398709605,54.0,-4.6358070854629645,120.56999999999928,828.8735414500052
2.0833333333333335,0.14514611326951643,54.0,-4.728876090907704,119.4899999999993,827.7935414500053
2.1666666666666665,0.2190110210298884,54.0,-4.845041761245007,118.13999999999932,826.4435414500053
2.25,0.12820331009046726,54.0,-4.937837828339958,117.05999999999933,825.3635414500054
2.3333333333333335,0.20528162364863262,54.0,-5.053662325740042,115.70999999999935,824.0135414500055
2.4166666666666665,0.11775389597051371,54.0,-5.14618545448522,114.62999999999937,822.9335414500056
2.5,0.1980361622856071,54.0,-5.261668778948035,113.27999999999939,821.5835414500057
2.5833333333333335,0.11370755581019594,54.0,-5.353918969343418,112.1999999999994,820.5035414500057
2.6666666666666665,0.19718432184135204,54.0,-5.469061120869036,110.84999999999943,819.1535414500058
2.75,0.11604538352778365,54.0,-5.5610383729146236,109.76999999999944,818.0735414500059
2.8333333333333335,0.2027071962341372,54.0,-5.675839351502994,108.41999999999946,816.723541450006
2.9166666666666665,0.12474847304154624,54.0,-5.767543665198815,107.33999999999948,815.6435414500061
3.0,0.2145858793822319,54.0,-5.882003470849959,105.9899999999995,814.2935414500062
3.0833333333333335,0.13972755958989802,54.0,-5.97343484619595,104.90999999999951,813.2135414500062
3.1666666666666665,0.2327311065240504,54.0,-6.087553478909868,103.55999999999953,811.8635414500063
3.25,0.1609641338854166,54.0,-6.178711915906106,102.47999999999955,810.7835414500064
3.3333333333333335,0.09087951421773816,0.0,47.70751062431723,101.39999999999957,809.7035414500065
3.4166666666666665,0.18843968664067928,54.0,-6.383374874329228,100.04999999999959,808.3535414500066
3.5,0.12143250298508182,54.0,-6.474139067042444,98.9699999999996,807.2735414500066
3.5833333333333335,0.22213570856826345,54.0,-6.587423721465335,97.61999999999962,805.9235414500067
3.6666666666666665,0.15812726956442535,54.0,-6.677914975828756,96.53999999999964,804.8435414500068
3.75,0.09571920111254983,0.0,47.209141542685586,95.45999999999965,803.7635414500069
3.8333333333333335,0.20094565478097112,54.0,-6.881076773328047,94.10999999999967,802.413541450007
3.9166666666666665,0.1415231200644853,54.0,-6.971173783408432,93.02999999999969,801.333541450007
4.0,0.24986949945992093,54.0,-7.083624459540324,91.67999999999971,799.9835414500071
4.083333333333333,0.19342379234489226,54.0,-7.173448531270921,90.59999999999972,798.9035414500072
4.166666666666667,0.1384978037908068,54.0,-7.2631512970682905,89.51999999999974,797.8235414500073
4.25,0.25133405386793295,54.0,-7.375109167846411,88.16999999999976,796.4735414500074
4.333333333333333,0.19937184538482627,54.0,-7.464538995293978,87.08999999999978,795.3935414500074
4.416666666666667,0.1489226799819532,54.0,-7.553847516808332,86.00999999999979,794.3135414500075
4.5,0.0999842235751493,0.0,46.33468741776737,84.92999999999981,793.2335414500076
4.583333333333333,0.21866208343216081,54.0,-7.754348165397225,83.57999999999983,791.8835414500077
4.666666666666667,0.17260159677931344,54.0,-7.843262442628529,82.49999999999984,790.8035414500077
4.75,0.12804528368687523,54.0,-7.932055413926612,81.41999999999986,789.7235414500078
4.833333333333333,0.2511674995843741,54.0,-8.042876041580598,80.06999999999988,788.3735414500079
4.916666666666667,0.20947655219140554,54.0,-8.131396074528901,78.9899999999999,787.293541450008
5.0,0.16921521832749548,54.0,-8.219794801543955,77.90999999999991,786.213541450008
5.083333333333333,0.1304493285492203,54.0,-8.308072222625782,76.82999999999993,785.1335414500081
5.166666666666667,0.09310878092598318,0.0,45.58175158749057,75.74999999999994,784.0535414500082
5.25,0.22336867779424452,54.0,-8.506252895241467,74.39999999999996,782.7035414500083
5.333333333333333,0.18887276920309826,54.0,-8.594136072040257,73.31999999999998,781.6235414500084
5.416666666666667,0.15579606412563793,54.0,-8.68189794290582,72.24,780.5435414500084
5.5,0.12413648522695757,54.0,-8.769538507838135,71.16000000000001,779.4635414500085
5.583333333333333,0.09389195517215077,0.0,45.12108137246509,70.08000000000003,778.3835414500086
5.666666666666667,0.23123806645535255,54.0,-8.966286254117449,68.73000000000005,777.0335414500087
5.75,0.20375042782575786,54.0,-9.05353257476672,67.65000000000006,775.9535414500087
5.833333333333333,0.17767181610289298,54.0,-9.140657589482785,66.57000000000008,774.8735414500088
5.916666666666667,0.15300015395185182,54.0,-9.227661298265595,65.4900000000001,773.7935414500089
6.0,0.129733364037728,54.0,-9.31454370111517,64.41000000000011,772.713541450009
6.083333333333333,0.10786936902561545,0.0,44.57702388179146,63.330000000000105,771.633541450009
6.166666666666667,0.25358434493069004,54.0,-9.509585582708304,61.98000000000009,770.2835414500091
6.25,0.2344533169811058,54.0,-9.596073741274871,60.90000000000008,769.2035414500092
6.333333333333333,0.21665257789624687,54.0,-9.682440593908176,59.820000000000064,768.1235414500093
6.416666666666667,0.20024665114555742,54.0,-9.768686140608253,58.74000000000005,767.0435414500093
6.5,0.1851671853615638,54.0,-9.854810381375088,57.66000000000004,765.9635414500094
6.583333333333333,0.17147849394613557,54.0,-9.940813316208704,56.58000000000003,764.8835414500095
6.666666666666667,0.15911243559937363,54.0,-10.02669494510905,55.500000000000014,763.8035414500096
6.75,0.14813311365557283,54.0,-10.112455268076175,54.42,762.7235414500096
6.833333333333333,0.13847259688240898,54.0,-10.198094285110038,53.33999999999999,761.6435414500097
6.916666666666667,0.13012901801255083,54.0,-10.283611996210688,52.25999999999998,760.5635414500098
7.0,0.12316617694935167,0.0,43.609661451382124,51.179999999999964,759.4835414500099
7.083333333333333,0.11751644589142868,0.0,43.524416678631255,50.09999999999995,758.4035414500099
7.166666666666667,0.11317795757145066,0.0,43.43929321181365,49.01999999999994,757.32354145001
7.25,0.11014884472208594,0.0,43.35429105092927,47.93999999999993,756.2435414500101
7.333333333333333,0.10842724007600318,0.0,43.269410195978125,46.859999999999914,755.1635414500101
7.416666666666667,0.10801127636587102,0.0,43.18465064696022,45.7799999999999,754.0835414500102
7.5,0.10889908632435813,0.0,43.10001240387556,44.69999999999989,753.0035414500103
7.583333333333333,0.11108880268413301,0.0,43.01549546672412,43.61999999999988,751.9235414500104
7.666666666666667,0.11457855817786419,0.0,42.93109983550595,42.539999999999864,750.8435414500104
7.75,0.11936648553822024,0.0,42.846825510221,41.45999999999985,749.7635414500105
7.833333333333333,0.12545071749786976,0.0,42.762672490869285,40.37999999999984,748.6835414500106
7.916666666666667,0.13282938678948134,0.0,42.67864077745081,39.29999999999983,747.6035414500107
8.0,0.1414360793354379,54.0,-11.384303400594355,38.219999999999814,746.5235414500107
8.083333333333334,0.15133356804206025,54.0,-11.468122828629653,37.1399999999998,745.4435414500108
8.166666666666666,0.16251998564201695,54.0,-11.551820950731717,36.05999999999979,744.3635414500109
8.25,0.17492917480694908,54.0,-11.635397766900553,34.97999999999978,743.283541450011
8.333333333333334,0.18862365169391926,54.0,-11.718853277136134,33.899999999999764,742.203541450011
8.416666666666666,0.20360154903559616,54.0,-11.80218748143848,32.81999999999975,741.1235414500111
8.5,0.21979696625287873,54.0,-11.8854003798076,31.739999999999743,740.0435414500112
8.583333333333334,0.2372721627535718,54.0,-11.968491972243477,30.659999999999744,738.9635414500112
8.666666666666666,0.2559614013444658,54.0,-12.051462258746113,29.579999999999746,737.8835414500113
8.75,0.10968192389304154,0.0,41.86568876068449,28.769999999999747,737.0735414500114
8.833333333333334,0.13085786490084586,0.0,41.78296108604833,27.68999999999975,735.9935414500114
8.916666666666666,0.15324275969537304,54.0,-12.279005062910102,26.60999999999975,734.9135414500115
9.0,0.1768983775267533,54.0,-12.361520452163084,25.529999999999752,733.8335414500116
9.083333333333334,0.2017594713594515,54.0,-12.443914535482826,24.449999999999754,732.7535414500117
9.166666666666666,0.2278243373120279,54.0,-12.52618731286936,23.369999999999756,731.6735414500117
9.25,0.25515451122619626,54.0,-12.60833878432264,22.289999999999758,730.5935414500118
9.333333333333334,0.11744012532040551,0.0,41.30963105015733,21.47999999999976,729.7835414500119
9.416666666666666,0.14710617770734336,54.0,-12.751811966963999,20.39999999999976,728.7035414500119
9.5,0.1780322163439787,54.0,-12.83362984710088,19.319999999999762,727.623541450012
9.583333333333334,0.21015353103413403,54.0,-12.915326421304513,18.239999999999764,726.5435414500121
9.666666666666666,0.24346841789636978,54.0,-12.99690168957489,17.159999999999766,725.4635414500121
9.75,0.11173031889481327,0.0,40.92164434808795,16.349999999999767,724.6535414500122
9.833333333333334,0.1473646756181434,54.0,-13.139366516646213,15.269999999999769,723.5735414500123
9.916666666666666,0.1842501490713469,54.0,-13.220608193600214,14.18999999999977,722.4935414500123
10.0,0.22232247253423748,54.0,-13.301728564620952,13.109999999999772,721.4135414500124
10.083333333333334,0.26157994212537533,54.0,-13.38272762970847,12.029999999999774,720.3335414500125
10.166666666666666,0.1357759998088881,0.0,40.53639461113725,11.219999999999775,719.5235414500125
10.25,0.17733653064944577,54.0,-13.524184101209762,10.139999999999777,718.4435414500126
10.333333333333334,0.2200772593598223,54.0,-13.604849574980861,9.059999999999778,717.3635414500127
10.416666666666666,0.26399648205857795,54.0,-13.685393742818718,7.97999999999978,716.2835414500128
10.5,0.14284764070984024,0.0,40.234183395276645,7.169999999999781,715.4735414500128
10.583333333333334,0.18905697049090392,54.0,-13.826054144133131,6.089999999999783,714.3935414500129
10.666666666666666,0.2363781234334714,54.0,-13.906264720654605,5.009999999999785,713.313541450013
10.75,0.11862633409264223,0.0,40.01364600875718,4.199999999999786,712.503541450013
10.833333333333334,0.16822809439496925,54.0,-14.046341337165295,3.119999999999786,711.4235414500131
10.916666666666666,0.2189985221913437,54.0,-14.126218322370349,2.039999999999786,710.3435414500132
11.0,0.2709359136003257,54.0,-14.205974001642161,0.9599999999997859,709.2635414500132
11.083333333333334,0.15773245483442877,54.0,-14.265711154077337,0.14999999999978597,708.4535414500133
