engine_kw,battery_kwh,soc_low,soc_high,s_min,s_max,endurance_h,mission_complete,fitness_h
90.8620053807361,43.24114302214042,0.20548606251143087,0.7518791497676912,1.8637529595393045,3.4214631541171947,7.483333333333333,True,7.483333333333333
49.98407565833662,29.972024270043384,0.2765827547733567,0.6351772945816122,1.3247081497549813,3.814889732894338,0.7,False,0.07
43.1833024282853,47.60083245408045,0.30462515033226456,0.6311365397758487,2.569972759014238,5.049544580686017,2.1333333333333333,True,2.1333333333333333
79.26765524200093,15.737946343458294,0.13610905087230202,0.8697385987922637,1.5088774396130575,5.212792228779305,15.733333333333333,True,15.733333333333333
32.810120983355205,32.47138760535849,0.10708743904489937,0.6303699515482305,2.120269931917957,4.001742271167001,0.0,False,0.0
97.04341131419547,22.8730654625243,0.294960745997918,0.7293332546116142,2.5088416004156926,3.761377242222948,12.65,True,12.65
70.85579481732702,24.8620167143994,0.15726215081956707,0.8810802397503401,2.3279547992324314,4.266592985344618,0.7166666666666667,False,0.07166666666666667
36.93475141622946,26.477503453637727,0.2970145297984318,0.6658755565712272,1.529489952444565,5.333052756111973,0.0,False,0.0
62.56627537760893,12.562326832010285,0.38285799845112445,0.8378063247542052,2.3149374607996327,5.118067483484927,0.43333333333333335,False,0.043333333333333335
77.01787758626358,30.409294273132204,0.1416266227599826,0.6021212434096981,1.5974365607901808,4.721439640912092,11.6,True,11.6
92.55766413198775,5.833998943091747,0.15829427023028908,0.6055023170274172,2.362497270103632,5.06737607507425,2.183333333333333,True,2.183333333333333
73.76809986613122,25.49041782592104,0.24659757659209186,0.6457833116662133,2.686789636805263,5.2636393526553995,12.9,True,12.9
34.52078849362317,23.664388949719267,0.19283689503835386,0.604379516455344,1.185343282336746,3.7926921398625018,0.0,False,0.0
57.481843898013665,25.374758559658893,0.38401779255988366,0.7519732499929707,2.1624999025316907,3.578705641674159,0.7333333333333333,False,0.07333333333333333
72.59609831096513,48.80249216137318,0.17623943297647643,0.7077968315411158,2.314209306192536,3.582060458686211,6.933333333333334,True,6.933333333333334
85.88278947037325,7.489120433631921,0.15234441321276593,0.7813711148656878,1.3500804682139946,5.301360171921795,2.1333333333333333,True,2.1333333333333333
59.72417166153116,31.489539670395125,0.33375696452208714,0.7767920059795579,1.287983649585924,3.4216185298819264,12.016666666666667,True,12.016666666666667
83.24175461667998,28.816321035241753,0.24131330565619946,0.767201409195929,2.841752194484255,4.675757258858481,11.4,True,11.4
62.68041012208745,44.63935720301304,0.33127591531352735,0.8753996134708696,1.2240014777368946,3.5731804935268765,8.316666666666666,True,8.316666666666666
74.70267370704539,19.90004015060846,0.2613615353895642,0.6496310747839962,1.2171104275805043,4.396454255971971,14.666666666666666,True,14.666666666666666
80.42309055401006,34.55290750191685,0.28016651880854027,0.6977898839536464,2.9914139566628197,3.3443557064755596,10.2,True,10.2
78.08759169970628,13.520485553428125,0.31711193395488235,0.670278134840145,1.1129805943591145,3.006919713462199,16.416666666666668,True,16.416666666666668
44.36206894334325,21.725571410717105,0.2075890358733442,0.7280618289889575,1.68973735566017,3.494899079715989,0.5166666666666667,False,0.051666666666666666
97.62788742604312,13.8701646080468,0.3790213937796306,0.6166449191873973,2.2766822554201784,3.437069191439191,15.283333333333333,True,15.283333333333333
39.07219340701309,25.77403299987892,0.3494367123396367,0.6751186767839057,1.8411953845332159,4.625082666698593,0.65,False,0.065
77.72589391321554,43.22001004860331,0.3805104789864998,0.767784892426614,2.7689021198629113,3.6683758007973517,7.966666666666667,True,7.966666666666667
37.61053437677032,16.666868878119455,0.28614406450213914,0.8760002868531823,1.6968116725586022,4.198988115595121,0.45,False,0.045
45.82884237950075,5.542777470498045,0.2903899809663689,0.6865386411514562,1.5295640151029504,3.7869037229108207,0.13333333333333333,False,0.013333333333333334
43.92698562230832,40.011026758113246,0.31211282740504565,0.6266451762616375,1.8209217936552624,5.281573767636909,1.1166666666666667,False,0.11166666666666666
75.56962265783898,7.604127407022466,0.3336988260279309,0.7292094021121803,2.168325339472217,3.2047122078317676,18.45,True,18.45
74.43247722165603,10.8061715482404,0.18137412769792,0.7465859374782208,1.3173801081106864,3.035332805175388,0.5666666666666667,False,0.056666666666666664
60.78934481095866,36.37894889717232,0.3337699091964067,0.7366996558980523,1.840528682420155,3.114519982198867,10.6,True,10.6
45.756712410402,38.6301503301311,0.30405344695305514,0.6097235755560301,1.4174941822103364,3.47222909018536,1.0,False,0.1
95.08936862867071,34.583016962052696,0.17801537033173237,0.7773328687932733,1.7709669270839494,3.7641237968261727,9.566666666666666,True,9.566666666666666
77.7882517515244,21.186254721388764,0.1879056649566374,0.838836534204206,1.8204713681707334,4.992455598461757,14.166666666666666,True,14.166666666666666
79.20529740369207,37.77170167067284,0.3287138649021644,0.7986869570146717,2.4573081913052355,3.8887124311149,9.35,True,9.35
68.15054677556864,21.290980892523994,0.34580365129462487,0.7292425961431226,2.306604852663193,3.6088760440713523,14.566666666666666,True,14.566666666666666
38.751843109838134,28.285463731690804,0.33137471257034756,0.6262304096543998,1.951793775974417,3.805009930077082,0.55,False,0.055
79.63535331287052,39.560444578436,0.3150419569716026,0.8011235326591363,3.0,5.106084116078686,8.566666666666666,True,8.566666666666666
80.05539248314045,10.730409266939143,0.10123361270923967,0.7664049500867738,1.2721644421392515,3.4510638191761784,2.1166666666666667,True,2.1166666666666667
59.72417166153116,31.489539670395125,0.27815266428630175,0.7767920059795579,1.2393081982329401,3.4216185298819264,0.7833333333333333,False,0.07833333333333334
97.62788742604312,13.8701646080468,0.3790213937796306,0.6166449191873973,2.2766822554201784,3.437069191439191,15.283333333333333,True,15.283333333333333
78.08759169970628,16.50767535944467,0.31711193395488235,0.6653848069203085,1.1129805943591145,3.006919713462199,15.5,True,15.5
97.62788742604312,13.8701646080468,0.3740121815929358,0.6166449191873973,2.2766822554201784,3.600844326743945,15.283333333333333,True,15.283333333333333
92.76361874130339,27.08902935301569,0.22365264739782056,0.7475380244817271,2.3171326230173035,4.005559753840956,11.716666666666667,True,11.716666666666667
58.02125548848635,17.353400968862275,0.34486916905451903,0.7059004720302948,2.4468542459885962,3.546781266645976,0.48333333333333334,False,0.04833333333333333
69.85346294861345,35.42711959405685,0.334691446762193,0.8001341300923855,1.1477342562605206,3.483713307307302,10.45,True,10.45
57.481843898013665,25.374758559658893,0.38401779255988366,0.7519732499929707,2.1624999025316907,3.5742541147237943,0.7333333333333333,False,0.07333333333333333
97.62788742604312,13.8701646080468,0.3790213937796306,0.6166449191873973,2.2766822554201784,3.437069191439191,15.283333333333333,True,15.283333333333333
77.61264087544754,33.607778523715076,0.27773616487487296,0.8002937667512142,2.5089113317767775,3.419853797084428,10.6,True,10.6
97.76925272980672,13.602022155232516,0.31478088765487844,0.7114439359570797,1.9848426861067394,3.11252163970897,15.366666666666667,True,15.366666666666667
72.88973855670297,28.585122213842645,0.1855708926706325,0.795098334948374,1.9300463139046258,3.6646938443158956,12.283333333333333,True,12.283333333333333
66.92134737616917,31.3639272756304,0.34061878910658194,0.7915607993129581,2.341137253058795,3.615653696407869,11.7,True,11.7
60.95337106093064,21.41659328728872,0.33894182671013007,0.7144738028097223,1.2534512491903222,3.4148408775454095,0.6,False,0.06
75.56962265783898,7.604127407022466,0.3336988260279309,0.7292094021121803,2.168325339472217,3.2047122078317676,18.45,True,18.45
75.56962265783898,7.604127407022466,0.3336988260279309,0.7292094021121803,2.168325339472217,3.2047122078317676,18.45,True,18.45
91.75127039057224,22.394943156800956,0.3592996538361717,0.7293444573246626,2.4605862964308636,3.6678448382097706,13.033333333333333,True,13.033333333333333
73.44268769919185,21.769103198247336,0.2814647434563712,0.7292313934300743,2.354860156648022,3.7024084480845296,14.183333333333334,True,14.183333333333334
76.01082650654986,18.98000887483109,0.16841792111737228,0.7265770685495332,2.102981204901905,3.0365915578794516,14.9,True,14.9
72.44853470799208,17.20924074603402,0.3508517975811911,0.7977306685110213,1.9953904484749374,3.832814494268211,15.566666666666666,True,15.566666666666666
79.54126807004327,5.06969636433982,0.320652130950023,0.7251460566382618,2.267224008266867,3.095411711267567,19.05,True,19.05
93.6562420138388,16.404595650729444,0.3920680888575385,0.6207082646613158,2.1777835866255284,3.546369688003391,14.683333333333334,True,14.683333333333334
62.9716180396062,8.8994983790124,0.32957685705317274,0.603308284190825,2.2922089915072057,3.690849847285918,0.3,False,0.03
99.1541285841042,10.953105515479482,0.26898658456417557,0.7396749460048245,2.279575883854447,3.767425727193392,16.1,True,16.1
69.17911281503817,23.74005124455867,0.2883648888615759,0.7370724805890829,2.205882078635074,3.4428462344793314,13.816666666666666,True,13.816666666666666
76.8064998117825,19.79865391577185,0.22956739474002982,0.7691472006060402,1.236074675177864,3.4933987752745876,14.6,True,14.6
57.03660980585112,30.203061585359514,0.29494532464073275,0.740424937152056,1.947422887917084,3.586135946586717,0.7666666666666667,False,0.07666666666666666
76.07502184750626,20.514301052450715,0.3958659070243859,0.7455146662939829,2.315673259476229,3.4410770773073978,14.366666666666667,True,14.366666666666667
84.83914366936577,27.865709193088968,0.1735903916680596,0.7312659543308669,2.3080642162042677,4.17335872060491,11.9,True,11.9
64.15196970985671,24.436199802699594,0.382478532881653,0.7109148896578423,2.302319337908267,3.6421785859982156,13.816666666666666,True,13.816666666666666
94.32279143947885,42.9764332048433,0.3460094580676548,0.7597596773214705,2.019952392329836,3.4533587931669736,7.3,True,7.3
73.15855893517772,6.320850997260337,0.36770338247416884,0.6570193719583124,1.404464119350863,3.467423705579519,0.8,False,0.08
94.62900458844958,8.30793208524939,0.15953706393277223,0.7814973373705081,2.200659872954825,3.9396143548858746,2.4166666666666665,True,2.4166666666666665
76.02998669806011,33.879212283825765,0.352177132426891,0.7250449335349456,1.738632393601341,3.0292216497720648,10.55,True,10.55
77.81343624299025,27.99078645332298,0.28173094676905996,0.8302468296933866,2.3289133275798264,3.0,12.15,True,12.15
78.339531945728,8.272478399724145,0.32393331953665455,0.7302399174554313,2.273855118930347,3.142483071656806,18.05,True,18.05
75.56962265783898,10.020220876020268,0.3336988260279309,0.7292094021121803,2.168325339472217,3.2047122078317676,17.65,True,17.65
75.56962265783898,7.604127407022466,0.3336988260279309,0.7292094021121803,2.168325339472217,3.2047122078317676,18.45,True,18.45
97.04341131419547,22.8730654625243,0.294960745997918,0.7293332546116142,2.5088416004156926,3.761377242222948,12.65,True,12.65
69.17911281503817,23.74005124455867,0.2883648888615759,0.7370724805890829,2.2663365439771335,3.4428462344793314,13.816666666666666,True,13.816666666666666
82.81326977625852,21.312179146698494,0.31476468002347147,0.7330611602555035,1.9230319572063208,3.580396724391185,13.8,True,13.8
49.792962687431576,16.495009845683484,0.31387947064519217,0.7365731790087329,2.19271627018298,3.2104514300272995,0.4,False,0.04
75.75214719246492,17.763938835041635,0.34421842827252,0.7370442469881485,2.3648576253485594,3.4410451446393875,15.25,True,15.25
75.89249731288032,10.354489624431546,0.38534630477979676,0.7376798214180147,2.1191409735998863,3.204744140499778,17.516666666666666,True,17.516666666666666
60.03459764731161,19.015616572863777,0.39493628688929716,0.7513994776268009,2.3026594033964103,3.5798068804144343,0.6166666666666667,False,0.06166666666666667
80.19239391005136,25.934884282286536,0.38340815301674175,0.7050300783250243,2.3153331939880855,3.503448782891179,12.566666666666666,True,12.566666666666666
94.65925802972632,9.113770246553822,0.2550378822156064,0.6050120313763807,2.229570338540151,3.711448238748873,16.916666666666668,True,16.916666666666668
87.42374454568618,8.228928929108005,0.152115492263499,0.7892345236808609,2.1589285078229903,3.296650582265661,2.4,True,2.4
82.77488270060238,7.683130563163853,0.34112039769720415,0.7214722158018275,2.210056704604051,3.847675980451981,18.0,True,18.0
64.15196970985671,24.436199802699594,0.382478532881653,0.7109148896578423,2.322423705820624,3.616155130654469,13.816666666666666,True,13.816666666666666
79.54126807004327,5.06969636433982,0.320652130950023,0.7251460566382618,2.267224008266867,3.095411711267567,19.05,True,19.05
73.69628657046783,5.06969636433982,0.320652130950023,0.7251460566382618,2.267224008266867,3.1107047273113757,0.7833333333333333,False,0.07833333333333334
76.02078397780807,12.074244610006415,0.31184190460915384,0.7266281297433336,2.168980458150135,3.25414207527493,16.983333333333334,True,16.983333333333334
74.58972665381168,6.919390069685973,0.30861635027485074,0.7292834437390034,2.0927747747635665,3.931743048381083,18.716666666666665,True,18.716666666666665
98.02330731822278,23.55780279986079,0.32004322175099814,0.7292592129847911,2.584392165124343,3.0343464016736323,12.4,True,12.4
72.18076441874419,25.39165094414104,0.2679590558402499,0.7313126230594631,2.151393744857299,3.464634189941939,13.166666666666666,True,13.166666666666666
72.56797105413295,5.952527707440096,0.3541046590492568,0.7349692596418002,2.2832681385920512,3.18292425236916,0.45,False,0.045
74.36285056853553,5.999780994794807,0.3174777766209114,0.7233575597065109,2.2157439778761407,3.1858733814487654,0.7,False,0.07
80.74804015934671,6.674042776567479,0.33687318035704245,0.7309978990439313,2.219805369862943,3.114250537650569,18.45,True,18.45
78.044818368872,7.3963784391592755,0.3259599103069144,0.7232627311360882,2.185210732055572,3.1470817971108116,18.366666666666667,True,18.366666666666667
77.06607235901025,5.27744533220301,0.3345846434589251,0.731092727614354,2.2503386156835123,3.153042121988523,19.1,True,19.1
74.09069596355204,5.113498945952985,0.33345226750476215,0.7310143756105605,2.1655408362196513,3.1702458600147123,0.8,False,0.08
81.02019476433021,7.5603248254093005,0.3208986894731917,0.7233410831398814,2.2700085115194324,3.1298780590846222,18.133333333333333,True,18.133333333333333
79.54126807004327,5.06969636433982,0.320652130950023,0.7251460566382618,2.2629065930427688,3.095411711267567,19.05,True,19.05
79.54126807004327,5.06969636433982,0.320652130950023,0.7251460566382618,2.267224008266867,3.095411711267567,19.05,True,19.05
79.54126807004327,5.06969636433982,0.320652130950023,0.7251460566382618,2.267224008266867,3.095411711267567,19.05,True,19.05
80.3575769872157,5.003129983064278,0.3398669953802598,0.7284112868908343,2.2528105048506784,3.093560464878046,19.016666666666666,True,19.016666666666666
76.24976344183783,5.344011713478552,0.3153697790286883,0.7278274973617813,2.2647521190997013,3.154893368378044,19.116666666666667,True,19.116666666666667
79.54126807004327,5.06969636433982,0.320652130950023,0.7251460566382618,2.267224008266867,3.095411711267567,19.05,True,19.05
79.54126807004327,5.06969636433982,0.320652130950023,0.7251460566382618,2.267224008266867,3.095411711267567,19.05,True,19.05
76.82996647167977,5.006687234386966,0.32144648845642465,0.7334182205970753,2.2549972861539263,3.0757228512676233,0.8166666666666667,False,0.08166666666666667
79.77737395737375,5.340454462155865,0.3337902859525234,0.7228205636555405,2.262565337796453,3.1727309819884666,18.95,True,18.95
80.57943105980812,5.067942655991375,0.3224514425290242,0.7314184715403473,2.261719214593145,3.100778567617705,18.983333333333334,True,18.983333333333334
76.0279093692454,5.279199040551455,0.3327853318799239,0.7248203127122684,2.2558434093572344,3.147675265638385,19.15,True,19.15
77.42807918551803,5.247759077039803,0.3308415102269165,0.72622215049965,2.2668558660633855,3.1150662091814243,19.1,True,19.1
79.17926124353549,5.099382619503027,0.3243952641820316,0.7300166337529657,2.2507067578869937,3.1333876240746656,19.05,True,19.05
79.54126807004327,5.06969636433982,0.320652130950023,0.7251460566382618,2.267224008266867,3.095411711267567,19.05,True,19.05
79.54126807004327,5.06969636433982,0.320652130950023,0.7251460566382618,2.267224008266867,3.095411711267567,19.05,True,19.05
81.31349290681337,29.11436234446105,0.32384888433711845,0.7304529803318973,2.798129499071594,3.112954665135746,11.65,True,11.65
78.23200912755664,8.186858810362512,0.3311380197661074,0.7288031144644498,2.224473856825842,3.054660921666701,18.083333333333332,True,18.083333333333332
79.85494145688581,8.548853325769576,0.3214788046411447,0.7251553689587521,2.2652732983346535,3.1414361258889625,17.883333333333333,True,17.883333333333333
78.26932095844985,5.004585776078673,0.3201449181976981,0.7318525561775056,2.2664261646097623,3.1387868324607777,19.133333333333333,True,19.133333333333333
79.61147905732142,8.337588987985292,0.3213613969328504,0.7235334179161875,2.274652962587451,3.0991079504635954,17.983333333333334,True,17.983333333333334
78.38501458027838,7.394060153953454,0.32302018859197623,0.7331629836341009,2.1482160838905373,3.142607593229413,18.333333333333332,True,18.333333333333332
77.99933573432162,8.274796684929965,0.3268730412515928,0.7203396649574185,2.310849767095381,3.1469572755382047,18.083333333333332,True,18.083333333333332
80.0426458813836,5.095525118594317,0.32032604636027984,0.7310351997104421,2.2667703837668647,3.1075007378719213,19.016666666666666,True,19.016666666666666
77.94056628836663,5.2786217609402915,0.3121284660597081,0.7260460150966301,2.264612103359071,3.127758063518641,19.066666666666666,True,19.066666666666666
75.73727633898925,5.313149029578064,0.33408282319589666,0.7280036327648012,2.2669958818040157,3.1422015140408277,19.183333333333334,True,19.183333333333334
79.66495207447686,5.074243402948819,0.320030463524656,0.7231136975705903,2.266353384678636,3.132639004403248,19.016666666666666,True,19.016666666666666
78.14563695401627,5.000038737469674,0.32076658562306515,0.733884915245177,2.267296788197993,3.1015595393250965,19.133333333333333,True,19.133333333333333
79.24233268928234,5.333364753858235,0.3219955502919014,0.7267498943860846,2.2674042880201313,3.086806329996462,18.983333333333334,True,18.983333333333334
79.97739659292007,5.069648112357251,0.3231369012946357,0.7264549876322728,2.2598121663845605,3.0962960046671135,19.016666666666666,True,19.016666666666666
80.14330253693132,5.067990907973944,0.3199666721844115,0.722873038355096,2.2691310564754508,3.0998942742181583,19.016666666666666,True,19.016666666666666
79.54126807004329,5.06969636433982,0.320652130950023,0.7251460566382618,2.267224008266867,3.095411711267567,19.05,True,19.05
79.54126807004329,5.06969636433982,0.320652130950023,0.7251460566382618,2.267224008266867,3.095411711267567,19.05,True,19.05
79.54126807004327,5.06969636433982,0.320652130950023,0.7251460566382618,2.267224008266867,3.095411711267567,19.05,True,19.05
81.2624428818023,5.003603488956669,0.32850692730229136,0.7274225286250172,2.2648220600468396,3.0815510267448745,18.966666666666665,True,18.966666666666665
77.36445506386323,5.004112270186282,0.3315049862756665,0.7328413144433227,2.254414609413601,3.150796270593949,19.2,True,19.2
82.07287718490646,5.004585776078673,0.3308852370737841,0.7318525561775056,2.2664261646097623,3.1387868324607777,18.933333333333334,True,18.933333333333334
76.52626940238623,7.251874065396995,0.32646693719951475,0.7293510567803523,2.261708533598512,3.1497836477773307,18.5,True,18.5
77.88665454713755,5.421385129107914,0.32933858327238535,0.7286322395660171,2.2369721511482363,3.140499211090467,19.0,True,19.0
78.03045298763332,5.266325732351617,0.32592082670300015,0.7349267786183158,2.2574444266168365,3.135221651046767,19.066666666666666,True,19.066666666666666
76.26677734006194,5.017459084278511,0.3270094233746218,0.7217460902714583,2.2648251473501597,3.1512404470523965,0.8166666666666667,False,0.08166666666666667
77.92981296899353,5.0505573086798465,0.3199353906733946,0.7312618146136385,2.267210327897013,3.1150442017659197,19.133333333333333,True,19.133333333333333
79.8807760594996,5.0237248317386465,0.32086165847432646,0.7257367982021289,2.266439844979616,3.1191543419624246,19.05,True,19.05
77.36445506386323,5.004112270186282,0.3390703166651484,0.7328413144433227,2.254414609413601,3.150796270593949,19.2,True,19.2
73.29306737585215,5.7675082941402716,0.2613385024220889,0.7299016443361024,2.254402964305158,3.0971578339752193,0.6666666666666666,False,0.06666666666666667
78.6875955404515,5.041533422778396,0.32091981847875684,0.7265062269157979,2.267206985437372,3.1132980790582674,19.1,True,19.1
79.92295204978302,5.33111268587729,0.3364514197193101,0.7268139275931835,2.267331279003708,3.103862084437831,18.916666666666668,True,18.916666666666668
75.3555923592495,5.051732708040594,0.31828353442660956,0.7263357618098795,2.2668886110671744,3.133751140870564,0.8166666666666667,False,0.08166666666666667
77.1649260360062,5.402441986013299,0.33268841688509276,0.7290288845409358,2.2564359646990737,3.1926597490629893,19.066666666666666,True,19.066666666666666
78.74070451420988,5.248317978459277,0.316794971310594,0.7340096480092104,2.267996646957033,3.155646694427507,19.033333333333335,True,19.033333333333335
75.65469588164422,5.095732472488948,0.31934139334115946,0.7277027645977479,2.2640522603406614,3.1008062132756335,19.25,True,19.25
76.52018581264964,5.027019901681597,0.31546794884299134,0.7268318969555944,2.264379677117284,3.107457546484346,0.8166666666666667,False,0.08166666666666667
79.61035368868778,5.340716643535601,0.3207634886600234,0.7267323986083158,2.2668122869620335,3.1665901638561227,18.95,True,18.95
77.27065634563188,5.364602823653586,0.3196452953653894,0.7272478524423368,2.2671309165623725,3.117259137882129,19.066666666666666,True,19.066666666666666
81.15527589960769,5.01046392537796,0.3197802168775899,0.7238694061561317,2.2661055423554806,3.066082886167153,18.966666666666665,True,18.966666666666665
74.63575561227341,5.403244152440413,0.3162416931011214,0.7291041478439115,2.2658705850110876,3.1842221934784574,0.5,False,0.05
83.21577257026678,5.069648112357251,0.3231369012946357,0.7264549876322728,2.2248790091670907,3.0962960046671135,18.85,True,18.85
78.6298308895147,5.368701029118133,0.3167886802703874,0.7253531221821855,2.2681739308581688,3.1262758632480048,19.0,True,19.0
76.24976344183783,7.251338474529202,0.3153697790286883,0.7278274973617813,2.2647521190997013,3.154893368378044,18.5,True,18.5
79.13458004385826,5.006051561092903,0.3165751749240932,0.7362613296556468,2.256785064305364,3.1628584218602143,19.083333333333332,True,19.083333333333332
78.37317755693628,5.061264231360427,0.3348964835359848,0.7194530231427718,2.266760601583688,3.0878321229518932,19.1,True,19.1
78.03045298763332,5.266325732351617,0.32592082670300015,0.7657675356247606,2.2574444266168365,3.052416068858663,19.066666666666666,True,19.066666666666666
78.03045298763332,5.266325732351617,0.32592082670300015,0.7349267786183158,2.2574444266168365,3.135221651046767,19.066666666666666,True,19.066666666666666
77.26041876298856,5.351302941232271,0.35007049725041756,0.7343664989137599,2.2555459138687612,3.149120206235127,19.066666666666666,True,19.066666666666666
78.88416504960995,5.07843391861433,0.33192468175550804,0.7223425617474747,2.2524669473265284,3.131248662643661,19.066666666666666,True,19.066666666666666
78.4665997693805,5.3596151980512525,0.33937495997838774,0.7380243746351579,2.258767181424613,3.1338842810808507,19.0,True,19.0
79.8807760594996,5.0237248317386465,0.32086165847432646,0.7257367982021289,2.266439844979616,3.1191543419624246,19.05,True,19.05
78.3894774980928,5.058605863791758,0.3410587267312596,0.726828186587785,2.3017062494931935,3.052875440563291,19.1,True,19.1
75.6383959404877,5.0983908400576174,0.3131791501458847,0.7203276011527346,2.2657679544352516,3.089451093202988,19.25,True,19.25
78.03045298763332,5.266325732351617,0.2992923097143303,0.7349267786183158,2.2574444266168365,3.063940190617657,19.066666666666666,True,19.066666666666666
79.54126807004329,5.06969636433982,0.320652130950023,0.7251460566382618,2.267224008266867,3.095411711267567,19.05,True,19.05
79.54126807004329,5.06969636433982,0.320652130950023,0.7251460566382618,2.267224008266867,3.095411711267567,19.05,True,19.05
80.01255675840086,5.204638875810893,0.3170706453974119,0.7276485308566947,2.2665284585187755,3.0989749059929568,18.983333333333334,True,18.983333333333334
74.50397491337215,5.222330108368166,0.3200327061780359,0.7271924151893459,2.2657819714719283,3.2044016294479256,0.8,False,0.08
79.85132649324716,5.070334309256016,0.3206252017894789,0.7264776265507096,2.26662047671208,3.1003866709934416,19.016666666666666,True,19.016666666666666
79.73258745817974,5.094887173678121,0.3203529755208239,0.7297036297979943,2.2673739153216514,3.102525778146047,19.016666666666666,True,19.016666666666666
77.50658451667351,5.144932566410985,0.32548174599602264,0.7334916834497348,2.25627069920384,3.142254793890385,19.133333333333333,True,19.133333333333333
77.88832353482303,5.125505436126915,0.33950939737212593,0.7342764096119037,2.2555883368265977,3.143763127750332,19.1,True,19.1
78.02444581778104,5.0156563679663915,0.32085648467346245,0.7215000458132768,2.2673845718375936,3.1335864659621393,19.133333333333333,True,19.133333333333333
79.78614321071208,5.0586257724521015,0.31994056447425867,0.7354985670024904,2.2662656010390356,3.1006120777662054,19.016666666666666,True,19.016666666666666
75.6360244420881,5.294445209116438,0.3169684882973678,0.7290222136147808,2.25364291955888,3.1573697180812275,19.183333333333334,True,19.183333333333334
77.18359747556231,5.203729249385809,0.33506132192888444,0.7277094355239029,2.266845305480855,3.1360962442573954,19.133333333333333,True,19.133333333333333
78.6875955404515,5.041533422778396,0.32091981847875684,0.7265062269157979,2.267206985437372,3.1132980790582674,19.1,True,19.1
77.36445506386323,5.004112270186283,0.3390703166651484,0.7328413144433228,2.254414609413601,3.150796270593949,19.2,True,19.2
77.36445506386323,5.004112270186283,0.3390703166651484,0.7328413144433228,2.254414609413601,3.150796270593949,19.2,True,19.2
77.87912625375814,5.304029528322967,0.33935764224433024,0.7364593511793525,2.259080943762299,3.139810744482877,19.066666666666666,True,19.066666666666666
78.47579705044538,5.1810911058552005,0.33952671510618343,0.735841433067709,2.2552745744889116,3.137836664348306,19.066666666666666,True,19.066666666666666
77.21094080881717,5.055070906489227,0.339509355410606,0.7279560573955512,2.3068578582473953,3.150342218728098,19.166666666666668,True,19.166666666666668
78.54299175313886,5.007647227488814,0.340619687985802,0.7317134436355566,2.249263000659399,3.053329492429142,19.1,True,19.1
75.04925241588624,5.367251024072257,0.31766842886826285,0.7323126880908368,2.251437784172883,3.1469072584460545,19.183333333333334,True,19.183333333333334
77.02297968713276,5.116456813635327,0.32089108078600553,0.7198061040096133,2.2677684694382862,3.101796401385922,19.166666666666668,True,19.166666666666668
77.50755920228445,5.007181754630455,0.3226789783767947,0.7232272067997528,2.251162897390729,3.1342383504683715,19.166666666666668,True,19.166666666666668
77.88134167935982,5.012586883522218,0.33724782296181616,0.7311141534568466,2.2706362838604655,3.150144386087717,19.166666666666668,True,19.166666666666668
78.37317755693628,5.061264231360427,0.3348964835359848,0.7194530231427718,2.266760601583688,3.0878321229518932,19.1,True,19.1
78.37317755693628,5.061264231360427,0.3348964835359848,0.7194530231427718,2.266760601583688,3.0878321229518932,19.1,True,19.1
78.9151317008964,5.02819839228561,0.3208617447675356,0.7281365193140265,2.267279430940274,3.122016137230043,19.1,True,19.1
77.79690965733616,5.028991398459176,0.3209145583846837,0.7198697534150482,2.2673121263346916,3.167877787172293,19.166666666666668,True,19.166666666666668
78.6875955404515,5.041533422778396,0.32091981847875684,0.7265062269157979,2.189549863148703,3.1132980790582674,19.1,True,19.1
81.13314323029952,5.004112270186283,0.3396902298353727,0.7328413144433228,2.415931573226891,3.150796270593949,18.966666666666665,True,18.966666666666665
75.0603775533319,5.21024050639806,0.3627732334690831,0.7274688306448862,2.2093574397332265,3.1400710201995508,19.25,True,19.25
80.14868916492765,5.287933952104186,0.32321910707775026,0.7292628184937975,2.204055703806617,3.153394942139072,18.95,True,18.95
77.37126535031479,5.2893414931462015,0.31798647158706633,0.7265300758207465,2.2592418317437546,3.1799148591043647,19.1,True,19.1
76.29521207940664,5.271429448321854,0.29827432642463175,0.73741891641235,2.251845514431962,3.04139504959452,19.15,True,19.15
77.34723165399302,5.221606656422303,0.3352311102961818,0.7281929292469,2.2564687818687754,3.138958536658633,19.1,True,19.1
74.95235469471535,5.064414615833244,0.3351412475362846,0.7284469528669911,2.2663750985651916,3.0990886433814806,0.7833333333333333,False,0.07833333333333334
77.86963872133464,5.237705473610182,0.31309922453848454,0.7195900838096464,2.2662381613509144,3.126458694078903,19.066666666666666,True,19.066666666666666
