capacity_kwh,idle_fuel_fraction,pack_mass_delta_kg,fuel_capacity_cost_kg,discharge_enabling_benefit_kg,charge_ceiling_benefit_kg,gross_operational_benefit_kg,net_fuel_benefit_kg,loiter_endurance_h,endurance_change_h
10.0,0.05,0.0,0.0,0.0,0.0,0.0,0.0,16.090410945603416,0.0
10.25,0.05,1.3333333333333286,1.2461059190030142,0.29603738367109145,0.09404947788368645,0.3900868615547779,-0.8560190574482363,16.018201398817933,-0.07220954678548352
10.5,0.05,2.6666666666666643,2.492211838006199,0.5725808995105126,0.19661175938074393,0.7691926588912565,-1.7230191791149423,15.94516602735283,-0.1452449182505866
10.75,0.05,4.0,3.7383177570093267,0.8313784617165538,0.3065807216976282,1.137959183414182,-2.6003585735951447,15.871361819515114,-0.21904912608830251
11.0,0.05,5.333333333333329,4.984423676012398,1.073870657536986,0.4231029023538895,1.4969735598908755,-3.487450116121522,15.796841108039944,-0.29356983756347255
11.210476464413189,0.05,6.455874476870335,6.033527548476968,1.2663777542915113,0.5256667075465202,1.7920444618380316,-4.241483086638937,15.733580780396176,-0.3568301652072403
11.25,0.05,6.666666666666664,6.2305295950155255,1.2687739368784605,0.5424758983795073,1.8112498352579678,-4.419279759757558,15.71865198872626,-0.3717589568771569
11.5,0.05,8.0,7.476635514018653,1.2835465738056655,0.648234101274852,1.9317806750805175,-5.544854838938136,15.624195022031163,-0.4662159235722534
11.75,0.05,9.333333333333329,8.722741433021724,1.2976866248724264,0.7530089558964619,2.0506955807688882,-6.672045852252836,15.52970443985436,-0.5607065057490566
12.0,0.05,10.666666666666664,9.968847352024852,1.3112338756868667,0.8567937054766617,2.1680275811635283,-7.800819770861324,15.435185905847286,-0.6552250397561306
12.25,0.05,11.999999999999993,11.214953271028037,1.3242248436239379,0.9596545071721039,2.2838793507960418,-8.931073920231995,15.340644898497978,-0.7497660471054388
12.5,0.05,13.333333333333336,12.461059190031051,1.3366931067026826,1.061540095883629,2.3982332025863116,-10.06282598744474,15.24608671793868,-0.8443242276647371
12.75,0.05,14.666666666666664,13.707165109034236,1.3486695935259831,1.1624272083562346,2.5110968018822177,-11.196068307152018,15.151516492441196,-0.9388944531622201
13.0,0.05,15.999999999999993,14.953271028037364,1.3601828395652547,1.262324235131473,2.6225070746967276,-12.330763953340636,15.056939184618646,-1.0334717609847708
13.25,0.05,17.333333333333336,16.199376947040435,1.3712666250929715,1.3613003010175362,2.7325669261105077,-13.466810020929927,14.962359597351435,-1.1280513482519812
13.5,0.05,18.666666666666664,17.445482866043562,1.3819390495273183,1.4592827730265299,2.841221822553848,-14.604261043489714,14.867782379453093,-1.2226285661503233
13.75,0.05,19.999999999999993,18.69158878504669,1.3922213167488735,1.5562776963686247,2.948499013117498,-15.743089771929192,14.773212031091052,-1.317198914512364
14.0,0.05,21.333333333333336,19.93769470404976,1.4021344393881918,1.6523099842894453,3.054444423677637,-16.883250280372124,14.678652908975499,-1.4117580366279174
14.25,0.05,22.666666666666664,21.18380062305289,1.4116979476497136,1.7474320005997015,3.159129948249415,-18.024670674803474,14.584109231329224,-1.5063017142741923
14.5,0.05,23.999999999999993,22.429906542056074,1.4209300177996056,1.8415843772444305,3.262514395044036,-19.167392147012038,14.489585082649754,-1.6008258629536627
14.75,0.05,25.333333333333336,23.676012461059088,1.429847587498557,1.9347747114715048,3.364622298970062,-20.311390162089026,14.39508441827489,-1.6953265273285272
15.0,0.05,26.666666666666664,24.922118380062273,1.4384664595438608,2.0270256217190763,3.465492081262937,-21.456626298799335,14.300611068761611,-1.7897998768418049
15.25,0.05,27.999999999999993,26.1682242990654,1.446801395368766,2.1183976497221693,3.565199045090935,-22.603025253974465,14.206168744087547,-1.8842422015158693
15.5,0.05,29.333333333333336,27.41433021806847,1.4548661994250551,2.2088323406030668,3.663698540028122,-23.75063167804035,14.111761037684232,-1.9786499079191842
15.75,0.05,30.666666666666664,28.6604361370716,1.4626737955160252,2.298338932797833,3.761012728313858,-24.89942340875774,14.017391430310118,-2.073019515293298
16.0,0.05,31.999999999999993,29.906542056074727,1.470236295912514,2.386926927020909,3.8571632229334227,-26.049378833141304,13.923063293770952,-2.167347651832465
16.25,0.05,33.333333333333336,31.152647975077798,1.477565064082114,2.4746773104238855,3.9522423745059996,-27.2004056005718,13.828779894495181,-2.2616310511082354
16.5,0.05,34.666666666666664,32.398753894080926,1.4846707716671972,2.5615340800435433,4.0462048517107405,-28.352549042370185,13.734544396970815,-2.3558665486326014
16.75,0.05,35.99999999999999,33.64485981308411,1.4915634503595356,2.6475011069218226,4.139064557281358,-29.505795255802752,13.640359867050531,-2.4500510785528853
17.0,0.05,37.333333333333336,34.89096573208715,1.4982525391550325,2.7325885461486905,4.230841085303723,-30.66012464678343,13.546229275130756,-2.5441816704726605
17.25,0.05,38.666666666666664,36.13707165109028,1.504746927497422,2.8168390542343786,4.3215859817318005,-31.81548566935848,13.45215549921073,-2.6382554463926855
17.5,0.05,39.99999999999999,37.38317757009344,1.511054994699066,2.900271410845562,4.411326405544628,-32.97185116454881,13.358141327836844,-2.7322696177665726
17.75,0.05,41.333333333333336,38.62928348909648,1.5171846460173128,2.982854285656572,4.500038931673885,-34.129244557422595,13.264189462937246,-2.8262214826661705
18.0,0.05,42.666666666666664,39.875389408099636,1.52314334571804,3.064598025768305,4.587741371486345,-35.28764803661329,13.17030252255195,-2.9201084230514667
18.25,0.05,43.99999999999999,41.12149532710279,1.5289381474018455,3.145512973572295,4.67445112097414,-36.44704420612865,13.076483043462465,-3.013927902140951
18.5,0.05,45.333333333333336,42.367601246105835,1.534575721859369,3.2256595747644496,4.760235296623819,-37.607365949482016,12.982733483725792,-3.107677461877625
18.75,0.05,46.666666666666664,43.61370716510899,1.5400623827033542,3.3050173909236946,4.845079773627049,-38.76862739148194,12.889056225116649,-3.2013547204867674
19.0,0.05,47.99999999999999,44.85981308411215,1.5454041099591223,3.3835765762096344,4.928980686168757,-39.93083239794339,12.795453575481949,-3.294957370121468
19.25,0.05,49.333333333333336,46.10591900311519,1.5506065717994488,3.4613473247485445,5.011953896547993,-41.0939651065672,12.701927771010999,-3.3884831745924178
19.5,0.05,50.666666666666664,47.35202492211832,1.5556751446271164,3.538339763985391,5.0940149086125075,-42.25801001350581,12.608480978425428,-3.4819299671779884
19.75,0.05,51.99999999999999,48.598130841121474,1.5606149316014353,3.614612437200435,5.17522736880187,-43.422903472319604,12.51511529709165,-3.5752956485117657
20.0,0.05,53.333333333333336,49.84423676012452,1.5654307797815363,3.690144320411605,5.255575100193141,-44.588661659931375,12.42183276105944,-3.6685781845439767
10.0,0.1,0.0,0.0,0.0,0.0,0.0,0.0,15.187556715950763,0.0
10.25,0.1,1.3333333333333286,1.2461059190030142,0.58887950978135,0.1928234645891962,0.7817029743705461,-0.464402944632468,15.150830234650243,-0.036726481300519254
10.5,0.1,2.6666666666666643,2.492211838006199,1.1409608902438322,0.40285497530658176,1.543815865550414,-0.9483959724557849,15.11256700944072,-0.074989706510042
10.75,0.1,4.0,3.7383177570093267,1.6591699675254858,0.6281480722285551,2.287318039754041,-1.4509997172552858,15.072847078202853,-0.1147096377479091
11.0,0.1,5.333333333333329,4.984423676012398,2.146212493121766,0.8669166630788823,3.013129156200648,-1.9712945198117495,15.031744894640541,-0.15581182131022153
11.210476464413189,0.1,6.455874476870335,6.033527548476968,2.5339089406618314,1.077249053079754,3.6111579937415854,-2.4223695547353827,14.996119338455603,-0.1914373774951592
11.25,0.1,6.666666666666664,6.2305295950155255,2.536327824532009,1.1114580410087456,3.6477858655407545,-2.582743729474771,14.983438675797885,-0.2041180401528777
11.5,0.1,8.0,7.476635514018653,2.5512404077818474,1.3263993316959386,3.877639739477786,-3.5989957745408674,14.903066380082924,-0.28449033586783834
11.75,0.1,9.333333333333329,8.722741433021724,2.5655143984408824,1.5390100221001148,4.104524420540997,-4.618217012480727,14.822428167954046,-0.3651285479967168
12.0,0.1,10.666666666666664,9.968847352024852,2.5791899607838786,1.749188118962138,4.328378079746017,-5.640469272278835,14.741533643422464,-0.4460230725282983
12.25,0.1,11.999999999999993,11.214953271028037,2.5923039596727904,1.957056161832952,4.549360121505742,-6.665593149522294,14.660392145498902,-0.5271645704518608
12.5,0.1,13.333333333333336,12.461059190031051,2.6048902925815582,2.162560480986599,4.767450773568157,-7.693608416462894,14.579012756806472,-0.6085439591442903
12.75,0.1,14.666666666666664,13.707165109034236,2.6169828528958305,2.3657862270524674,4.982769079948298,-8.724396029085938,14.497404311844058,-0.6901524041067049
13.0,0.1,15.999999999999993,14.953271028037364,2.628613683913386,2.5667068503689734,5.195320534282359,-9.757950493755004,14.415575404918185,-0.7719813110325777
13.25,0.1,17.333333333333336,16.199376947040435,2.639803173263772,2.7653976807581557,5.405200854021928,-10.794176093018507,14.333534397761632,-0.8540223181891307
13.5,0.1,18.666666666666664,17.445482866043562,2.650575976260029,2.961848511090693,5.612424487350722,-11.83305837869284,14.25128942685463,-0.9362672890961328
13.75,0.1,19.999999999999993,18.69158878504669,2.6609549451394514,3.156125395873687,5.817080341013138,-12.874508444033552,14.168848410463722,-1.0187083054870403
14.0,0.1,21.333333333333336,19.93769470404976,2.6709612909527323,3.3482146846673686,6.019175975620101,-13.91851872842966,14.086219055412347,-1.101337660538416
14.25,0.1,22.666666666666664,21.18380062305289,2.68061472829811,3.5381947724388283,6.218809500736938,-14.96499112231595,14.003408863595894,-1.1841478523548687
14.5,0.1,23.999999999999993,22.429906542056074,2.689933605027136,3.7260326005084607,6.415966205535597,-16.013940336520477,13.920425138253467,-1.2671315776972953
14.75,0.1,25.333333333333336,23.676012461059088,2.6989350186714773,3.911833910396581,6.610768929068058,-17.06524353199103,13.83727499000796,-1.3502817259428017
15.0,0.1,26.666666666666664,24.922118380062273,2.707634921168392,4.09553083084927,6.803165752017662,-18.11895262804461,13.753965342684548,-1.4335913732662142
15.25,0.1,27.999999999999993,26.1682242990654,2.71604821324388,4.277271084726522,6.993319297970402,-19.174905001095,13.670502938918043,-1.5170537770327197
15.5,0.1,29.333333333333336,27.41433021806847,2.7241888295957324,4.456952875777006,7.181141705372738,-20.233188512695733,13.586894345558328,-1.6006623703924348
15.75,0.1,30.666666666666664,28.6604361370716,2.7320698159500125,4.634732860110944,7.366802676060956,-21.293633461010643,13.503145958882877,-1.6844107570678855
16.0,0.1,31.999999999999993,29.906542056074727,2.739703398831125,4.810529317889632,7.550232716720757,-22.35630933935397,13.41926400962459,-1.7682927063261733
16.25,0.1,33.333333333333336,31.152647975077798,2.747101048884474,4.98444269299614,7.731543741880614,-23.421104233197184,13.335254567822837,-1.8523021481279258
16.5,0.1,34.666666666666664,32.398753894080926,2.7542735383939316,5.1564674296726025,7.910740968066534,-24.48801292601439,13.251123547505557,-1.9364331684452054
16.75,0.1,35.99999999999999,33.64485981308411,2.7612309936483825,5.326619906829478,8.08785090047786,-25.55700891260625,13.16687671120885,-2.0206800047419122
17.0,0.1,37.333333333333336,34.89096573208715,2.7679829426407423,5.4949840757331,8.262967018373843,-26.62799871371331,13.082519674341606,-2.1050370416091564
17.25,0.1,38.666666666666664,36.13707165109028,2.7745383586236585,5.661492146472028,8.436030505095687,-27.701041145994594,12.998057909400824,-2.1894988065499383
17.5,0.1,39.99999999999999,37.38317757009344,2.780905699900927,5.826290970086916,8.607196669987843,-28.775980900105594,12.913496750044093,-2.2740599659066696
17.75,0.1,41.333333333333336,38.62928348909648,2.7870929462452523,5.989301401337798,8.77639434758305,-29.85288914151343,12.828841395024998,-2.3587153209257643
18.0,0.1,42.666666666666664,39.875389408099636,2.7931076322744275,6.15059424956371,8.943701881838138,-30.9316875262615,12.74409691199673,-2.443459803954033
18.25,0.1,43.99999999999999,41.12149532710279,2.7989568780643594,6.310210977998395,9.109167856062754,-32.01232747104004,12.659268241189286,-2.5282884747614762
18.5,0.1,45.333333333333336,42.367601246105835,2.804647417268825,6.468105544645482,9.272752961914307,-33.09484828419153,12.57436019896508,-2.613196516985683
18.75,0.1,46.666666666666664,43.61370716510899,2.8101856229919804,6.624418075528638,9.434603698520618,-34.17910346658837,12.489377481258067,-2.698179234692695
19.0,0.1,47.99999999999999,44.85981308411215,2.815577531603026,6.779070350156985,9.594647881760011,-35.26516520235214,12.404324666900376,-2.783232049050387
19.25,0.1,49.333333333333336,46.10591900311519,2.8208288646760593,6.932113834173265,9.752942698849324,-36.352976304265866,12.319206220841126,-2.8683504951096364
19.5,0.1,50.666666666666664,47.35202492211832,2.8259450492620317,7.083619939076243,9.909564988338275,-37.44245993378004,12.23402649726147,-2.953530218689293
19.75,0.1,51.99999999999999,48.598130841121474,2.8309312365917094,7.233527808649455,10.064459045241165,-38.53367179588031,12.148789742589763,-3.0387669733609997
20.0,0.1,53.333333333333336,49.84423676012452,2.8357923193789247,7.381936231319969,10.217728550698894,-39.62650820942562,12.063500098420638,-3.1240566175301243
10.0,0.15,0.0,0.0,0.0,0.0,0.0,0.0,14.381919020742917,0.0
10.25,0.15,1.3333333333333286,1.2461059190030142,0.8550509101524995,0.2829904796719802,1.1380413898244797,-0.10806452917853449,14.373874959436053,-0.008044061306863526
10.5,0.15,2.6666666666666643,2.492211838006199,1.6595436609037506,0.5911251734796679,2.2506688343834185,-0.24154300362278036,14.363935135897847,-0.017983884845069298
10.75,0.15,4.0,3.7383177570093267,2.417343219377244,0.9216931799302301,3.3390363993074743,-0.39928135770185236,14.352179818901561,-0.029739201841355367
11.0,0.15,5.333333333333329,4.984423676012398,3.1319436082229686,1.2721897356660747,4.404133343889043,-0.5802903321233543,14.338684620933467,-0.04323439980944954
11.210476464413189,0.15,6.455874476870335,6.033527548476968,3.702453743977344,1.581070634104094,5.283524378081438,-0.7500031703955301,14.32602574246696,-0.05589327827595625
11.25,0.15,6.666666666666664,6.2305295950155255,3.704893013136939,1.631173770983196,5.336066784120135,-0.8944628108953907,14.315251682626322,-0.06666733811659498
11.5,0.15,8.0,7.476635514018653,3.719931265116088,1.9459037378115909,5.665835002927679,-1.8108005110909744,14.246840810830552,-0.13507820991236485
11.75,0.15,9.333333333333329,8.722741433021724,3.7343255302408807,2.2568956448266135,5.991221175067494,-2.73152025795423,14.177994483222102,-0.2039245375208143
12.0,0.15,10.666666666666664,9.968847352024852,3.7481163128642265,2.564235485042559,6.312351797906786,-3.6564955541180666,14.108724390554944,-0.2731946301879731
12.25,0.15,11.999999999999993,11.214953271028037,3.761340789923338,2.867964513055199,6.629305302978537,-4.5856479680495,14.039041937477814,-0.3428770832651029
12.5,0.15,13.333333333333336,12.461059190031051,3.7740331457897582,3.168102764233936,6.942135910023694,-5.518923280007357,13.968958250892182,-0.41296076985073427
12.75,0.15,14.666666666666664,13.707165109034236,3.7862248674659895,3.4646990447586177,7.250923912224607,-6.4562411968096285,13.898484188002099,-0.48343483274081755
13.0,0.15,15.999999999999993,14.953271028037364,3.797945005522024,3.757846838783621,7.555791844305645,-7.397479183731718,13.827630344071311,-0.5542886766716055
13.25,0.15,17.333333333333336,16.199376947040435,3.8092204053051546,4.047588153794663,7.856808559099818,-8.342568387940617,13.756407059902672,-0.6255119608402442
13.5,0.15,18.666666666666664,17.445482866043562,3.8200759123112675,4.333937029311755,8.154012941623023,-9.29146992442054,13.684824429052478,-0.6970945916904387
13.75,0.15,19.999999999999993,18.69158878504669,3.8305345550211314,4.616945897044161,8.447480452065292,-10.244108332981398,13.612892304793078,-0.7690267159498383
14.0,0.15,21.333333333333336,19.93769470404976,3.840617708042714,4.8967453965336745,8.737363104576389,-11.200331599473373,13.540620306834503,-0.8412987139084134
14.25,0.15,22.666666666666664,21.18380062305289,3.850345237967872,5.173299438678896,9.023644676646768,-12.160155946406121,13.468017827816505,-0.9139011929264118
14.5,0.15,23.999999999999993,22.429906542056074,3.859735634081744,5.446655116747365,9.30639075082911,-13.123515791226964,13.39509403958039,-0.9868249811625258
14.75,0.15,25.333333333333336,23.676012461059088,3.8688089069181615,5.716941310635093,9.585750217553255,-14.090262243505833,13.321857899230993,-1.0600611215119233
15.0,0.15,26.666666666666664,24.922118380062273,3.8775815713681823,5.984134798963055,9.861716370331237,-15.060402009731035,13.248318154996944,-1.1336008657459722
15.25,0.15,27.999999999999993,26.1682242990654,3.886065223957189,6.248270742231853,10.134335966189042,-16.03388833287636,13.174483351897864,-1.2074356688450525
15.5,0.15,29.333333333333336,27.41433021806847,3.894273916350812,6.50949107501674,10.403764991367552,-17.01056522670092,13.100361837226362,-1.2815571835165542
15.75,0.15,30.666666666666664,28.6604361370716,3.902220803766795,6.767754293594294,10.669975097361089,-17.99046103971051,13.025961765852562,-1.3559572548903542
16.0,0.15,31.999999999999993,29.906542056074727,3.9099182153332777,7.0231111006906985,10.933029316023976,-18.97351274005075,12.951291105357718,-1.4306279153851982
16.25,0.15,33.333333333333336,31.152647975077798,3.917377717946124,7.2756847616501545,11.193062479596279,-19.95958549548152,12.876357641004024,-1.505561379738893
16.5,0.15,34.666666666666664,32.398753894080926,3.9246101742689916,7.525422460140021,11.450032634409013,-20.948721259671913,12.801168980546938,-1.5807500401959782
16.75,0.15,35.99999999999999,33.64485981308411,3.931625795540981,7.772427884328408,11.70405367986939,-21.94080613321472,12.725732558895855,-1.6561864618470619
17.0,0.15,37.333333333333336,34.89096573208715,3.9384341896784463,8.016737173852448,11.955171363530894,-22.93579436855626,12.65005564262917,-1.7318633781137471
17.25,0.15,38.666666666666664,36.13707165109028,3.945044405196427,8.258337011719505,12.203381416915931,-23.93369023417435,12.574145334368927,-1.8077736863739897
17.5,0.15,39.99999999999999,37.38317757009344,3.951464971334076,8.497385926454399,12.448850897788475,-24.934326672304962,12.498008577020652,-1.8839104437222645
17.75,0.15,41.333333333333336,38.62928348909648,3.9577039347810796,8.733802081305612,12.691506016086691,-25.93777747300979,12.421652157882852,-1.960266862860065
18.0,0.15,42.666666666666664,39.875389408099636,3.96376889333294,8.967703550586407,12.931472443919347,-26.94391696418029,12.345082712631426,-2.036836308111491
18.25,0.15,43.99999999999999,41.12149532710279,3.969667026762295,9.199097860579968,13.168764887342263,-27.95273043976053,12.268306729183289,-2.113612291559628
18.5,0.15,45.333333333333336,42.367601246105835,3.975405125173779,9.428012629610521,13.4034177547843,-28.964183491321535,12.191330551443453,-2.1905884692994633
18.75,0.15,46.666666666666664,43.61370716510899,3.9809896150962913,9.65453813271506,13.635527747811352,-29.97817941729764,12.114160382940076,-2.2677586378028405
19.0,0.15,47.99999999999999,44.85981308411215,3.9864265834961543,9.878623729693913,13.865050313190068,-30.99476277092208,12.03680229035113,-2.345116730391787
19.25,0.15,49.333333333333336,46.10591900311519,3.9917217999030754,10.100427653676093,14.092149453579168,-32.01376954953602,11.95926220692646,-2.422656813816456
19.5,0.15,50.666666666666664,47.35202492211832,3.996880736849903,10.319853250432402,14.316733987282305,-33.03529093483601,11.881545935809413,-2.5003730849335035
19.75,0.15,51.99999999999999,48.598130841121474,4.001908588736228,10.537059615619455,14.538968204355683,-34.05916263676579,11.803659153260742,-2.578259867482174
20.0,0.15,53.333333333333336,49.84423676012452,4.006810289274426,10.751972000787418,14.758782290061845,-35.08545447006267,11.725607411788848,-2.656311608954068
10.0,0.2,0.0,0.0,0.0,0.0,0.0,0.0,13.658427861581206,0.0
10.25,0.2,1.3333333333333286,1.2461059190030142,1.0981223918566911,0.36564795334720657,1.4637703452038977,0.21766442620088355,13.67373023432713,0.015302372745923165
10.5,0.2,2.6666666666666643,2.492211838006199,2.134743197805051,0.7637286762071653,2.898471874012216,0.40626003600601734,13.687011979216877,0.02858411763567048
10.75,0.2,4.0,3.7383177570093267,3.114375229635357,1.1907605856789587,4.3051358153143156,0.5668180583049889,13.698341865573823,0.03991400399261735
11.0,0.2,5.333333333333329,4.984423676012398,4.041081706755676,1.6437643439227259,5.684846050678402,0.7004223746660045,13.707785597741399,0.0493577361601929
11.210476464413189,0.2,6.455874476870335,6.033527548476968,4.7829606492740595,2.0432057686421103,6.82616641791617,0.7926388694392017,13.714319512514367,0.05589165093316062
11.25,0.2,6.666666666666664,6.2305295950155255,4.7854183092445055,2.1078973298060646,6.89331563905057,0.6627860440350446,13.705173496470872,0.046745634889665766
11.5,0.2,8.0,7.476635514018653,4.800569934442933,2.5141106709565975,7.314680605399531,-0.16195490861912276,13.646989463814602,-0.011438397766603714
11.75,0.2,9.333333333333329,8.722741433021724,4.815072705997181,2.915376838736961,7.730449544734142,-0.992291888287582,13.588247027774697,-0.07018083380650886
12.0,0.2,10.666666666666664,9.968847352024852,4.828967435103436,3.3117714486785417,8.140738883781978,-1.828108468242874,13.52895877731229,-0.12946908426891568
12.25,0.2,11.999999999999993,11.214953271028037,4.84229158027415,3.7033699567219855,8.545661536996136,-2.6692917340319013,13.469137024799876,-0.18929083678133019
12.5,0.2,13.333333333333336,12.461059190031051,4.855079584737496,4.090247457015039,8.945327041752535,-3.5157321482785164,13.408793813320269,-0.24963404826093694
12.75,0.2,14.666666666666664,13.707165109034236,4.867363173880108,4.472478513220722,9.33984168710083,-4.367323421933406,13.347940923718639,-0.3104869378625672
13.0,0.2,15.999999999999993,14.953271028037364,4.8791716181681295,4.850137018277678,9.729308636445808,-5.223962391591556,13.286589881419351,-0.371837980161855
13.25,0.2,17.333333333333336,16.199376947040435,4.8905319661161,5.223301283725959,10.11383324984206,-6.085543697198375,13.224751963019509,-0.4336758985616971
13.5,0.2,18.666666666666664,17.445482866043562,4.9014692512199645,5.592058111546862,10.493527362766827,-6.951955503276736,13.162438202668874,-0.4959896589123325
13.75,0.2,19.999999999999993,18.69158878504669,4.912006676180567,5.956462293201639,10.868468969382207,-7.823119815664484,13.099659398246366,-0.5587684633348395
14.0,0.2,21.333333333333336,19.93769470404976,4.922165777289933,6.316584029011892,11.238749806301826,-8.698944897747936,13.036426117341376,-0.6220017442398298
14.25,0.2,22.666666666666664,21.18380062305289,4.931966571391968,6.672492447213017,11.604459018604985,-9.579341604447905,12.972748703048804,-0.6856791585324018
14.5,0.2,23.999999999999993,22.429906542056074,4.941427687586838,7.024255565172211,11.96568325275905,-10.464223289297024,12.90863727958506,-0.7497905819961463
14.75,0.2,25.333333333333336,23.676012461059088,4.950566485450167,7.371940260022598,12.322506745472765,-11.353505715586323,12.844101757732323,-0.8143261038488827
15.0,0.2,26.666666666666664,24.922118380062273,4.959399161368424,7.71561224733523,12.675011408703654,-12.247106971358619,12.779151840118105,-0.8792760214631006
15.25,0.2,27.999999999999993,26.1682242990654,4.967940844377495,8.055348465493239,13.023289309870734,-13.144934989194667,12.713797026336382,-0.9446308352448245
15.5,0.2,29.333333333333336,27.41433021806847,4.976205682655518,8.391237159893649,13.367442842549167,-14.046887375519304,12.64804661791599,-1.0103812436652166
15.75,0.2,30.666666666666664,28.6604361370716,4.984206921762052,8.723306205042036,13.707513126804088,-14.952923010267511,12.58190972314284,-1.0765181384383666
16.0,0.2,31.999999999999993,29.906542056074727,4.991956975483959,9.051616539988686,14.043573515472644,-15.862968540602083,12.515395261740235,-1.1430325998409714
16.25,0.2,33.333333333333336,31.152647975077798,4.999467490130428,9.376227920727956,14.375695410858384,-16.776952564219414,12.448511969413596,-1.2099158921676096
16.5,0.2,34.666666666666664,32.398753894080926,5.006749402935839,9.69720311987328,14.703952522809118,-17.694801371271808,12.381268402263592,-1.2771594593176143
16.75,0.2,35.99999999999999,33.64485981308411,5.013812995228477,10.01465488331337,15.028467878541846,-18.616391934542264,12.313672941072769,-1.3447549205084375
17.0,0.2,37.333333333333336,34.89096573208715,5.020667940864655,10.328582761323105,15.34925070218776,-19.541715029899393,12.24573379547003,-1.4126940661111753
17.25,0.2,38.666666666666664,36.13707165109028,5.027323350454708,10.63904183610623,15.666365186560938,-20.470706464529343,12.177459007977165,-1.4809688536040415
17.5,0.2,39.99999999999999,37.38317757009344,5.033787811762295,10.946086065586428,15.979873877348723,-21.403303692744714,12.108856457941515,-1.5495714036396908
17.75,0.2,41.333333333333336,38.62928348909648,5.040069426684909,11.249829778082471,16.28989920476738,-22.3393842843291,12.039933865358583,-1.6184939962226235
18.0,0.2,42.666666666666664,39.875389408099636,5.046175845140169,11.550278678503787,16.596454523643956,-23.27893488445568,11.970698794588369,-1.687729066992837
18.25,0.2,43.99999999999999,41.12149532710279,5.052114296150762,11.84747066934483,16.899584965495592,-24.2219103616072,11.901158657968953,-1.7572692036122532
18.5,0.2,45.333333333333336,42.367601246105835,5.057891616393363,12.141464739317485,17.199356355710847,-25.168244890394988,11.831320719330584,-1.8271071422506218
18.75,0.2,46.666666666666664,43.61370716510899,5.063514276471892,12.43237490599256,17.495889182464452,-26.11781798264454,11.761192097413785,-1.8972357641674211
19.0,0.2,47.99999999999999,44.85981308411215,5.068988405094274,12.720176420023677,17.78916482511795,-27.070648258994197,11.690779769194569,-1.9676480923866375
19.25,0.2,49.333333333333336,46.10591900311519,5.0743198113517565,13.00491580531957,18.079235616671326,-28.026683386443864,11.620090573119256,-2.0383372884619497
19.5,0.2,50.666666666666664,47.35202492211832,5.079514005299075,13.28670739209042,18.366221397389495,-28.985803524728823,11.549131212252753,-2.109296649328453
19.75,0.2,51.99999999999999,48.598130841121474,5.084576216947312,13.565551967751162,18.650128184698474,-29.948002656423,11.477908257342023,-2.1805196042391835
20.0,0.2,53.333333333333336,49.84423676012452,5.089511413830792,13.841470641293085,18.930982055123877,-30.91325470500064,11.40642814979827,-2.2519997117829362
10.0,0.25,0.0,0.0,0.0,0.0,0.0,0.0,13.005003823469034,0.0
10.25,0.25,1.3333333333333286,1.2461059190030142,1.3210231953124776,0.44173074076502417,1.7627539360775017,0.5166480170744876,13.03941758134427,0.03441375787523704
10.5,0.25,2.6666666666666643,2.492211838006199,2.5718839470717967,0.9224974747619399,3.4943814218337366,1.0021695838275377,13.071840942010297,0.06683711854126351
10.75,0.25,4.0,3.7383177570093267,3.7574574687404265,1.4383434577408707,5.195800926481297,1.4574831694719705,13.102325858080595,0.09732203461156175
11.0,0.25,5.333333333333329,4.984423676012398,4.882183679999343,1.985736825800359,6.867920505799702,1.8834968297873047,13.130922897737712,0.125919074268678
11.210476464413189,0.25,6.455874476870335,6.033527548476968,5.784925692150182,2.468707731168138,8.25363342331832,2.2201058748413516,13.153570773344823,0.14856694987578933
11.25,0.25,6.666666666666664,6.2305295950155255,5.787398540348931,2.5467979724129464,8.334196512761878,2.1036669177463523,13.145823447335339,0.14081962386630487
11.5,0.25,8.0,7.476635514018653,5.802643795190875,3.03720429075679,8.839848085947665,1.3632125719290116,13.096435963400824,0.09143213993178989
11.75,0.25,9.333333333333329,8.722741433021724,5.817236175969242,3.521556382218705,9.338792558187947,0.6160511251662228,13.046402015653747,0.04139819218471352
12.0,0.25,10.666666666666664,9.968847352024852,5.831216747433473,3.999940244566801,9.831156992000274,-0.13769036002457824,12.995734335166286,-0.00926948830274732
12.25,0.25,11.999999999999993,11.214953271028037,5.844623200764886,4.4724388973021405,10.317062098067026,-0.8978911729610104,12.944445400667941,-0.06055842280109225
12.5,0.25,13.333333333333336,12.461059190031051,5.857490193081162,4.939152783519376,10.796642976600538,-1.6644162134305134,12.892547444577723,-0.1124563788913111
12.75,0.25,14.666666666666664,13.707165109034236,5.869849646737862,5.400181041074916,11.270030687812778,-2.437134421221458,12.840052458846749,-0.16495136462228466
13.0,0.25,15.999999999999993,14.953271028037364,5.8817310138911125,5.8556213910272845,11.737352404918397,-3.2159186231189665,12.786972200620804,-0.21803162284822974
13.25,0.25,17.333333333333336,16.199376947040435,5.893161510918276,6.305570049125549,12.198731560043825,-4.000645386996609,12.733318197731395,-0.2716856257376392
13.5,0.25,18.666666666666664,17.445482866043562,5.904166326643804,6.750140441082976,12.65430676772678,-4.791176098316782,12.67910175402304,-0.3259020694459931
13.75,0.25,19.999999999999993,18.69158878504669,5.914768807709947,7.189408722900225,13.104177530610173,-5.5874112544365175,12.624333954524046,-0.3806698689449881
14.0,0.25,21.333333333333336,19.93769470404976,5.9249906239883785,7.623460908662082,13.54845153265046,-6.3892431713993005,12.569025670467694,-0.43597815300134
14.25,0.25,22.666666666666664,21.18380062305289,5.934851916457092,8.052386688155934,13.987238604613026,-7.196562018439863,12.51318756416967,-0.49181625929936423
14.5,0.25,23.999999999999993,22.429906542056074,5.944371429724583,8.476274043145963,14.420645472870547,-8.009261069185527,12.456830093767284,-0.5481737297017499
14.75,0.25,25.333333333333336,23.676012461059088,5.953568526922481,8.895207343289258,14.848775870211739,-8.827236590847349,12.39996351782672,-0.6050403056423139
15.0,0.25,26.666666666666664,24.922118380062273,5.962461003117255,9.30926963873219,15.271730641849445,-9.650387738212828,12.342597899822135,-0.6624059236468991
15.25,0.25,27.999999999999993,26.1682242990654,5.971060512591066,9.718547334292566,15.689607846883632,-10.478616452181768,12.284743112492098,-0.7202607109769357
15.5,0.25,29.333333333333336,27.41433021806847,5.979381299668717,10.123121555780926,16.102502855449643,-11.311827362618828,12.226408842077753,-0.7785949813912811
15.75,0.25,30.666666666666664,28.6604361370716,5.987436699911768,10.523071741853414,16.510508441765182,-12.149927695306417,12.167604592446436,-0.837399231022598
16.0,0.25,31.999999999999993,29.906542056074727,5.995239211445778,10.918475661842308,16.913714873288086,-12.992827182786641,12.108339689105197,-0.8966641343638369
16.25,0.25,33.333333333333336,31.152647975077798,6.002800559696084,11.309409436475562,17.312209996171646,-13.840437978906152,12.0486232831078,-0.9563805403612342
16.5,0.25,34.666666666666664,32.398753894080926,6.010131756186524,11.695947561012872,17.706079317199396,-14.69267457688153,11.988464354858637,-1.0165394686103966
16.75,0.25,35.99999999999999,33.64485981308411,6.017243152072751,12.078162930303733,18.095406082376485,-15.549453730707626,11.927871717817203,-1.077132105651831
17.0,0.25,37.333333333333336,34.89096573208715,6.024144486906607,12.45612686542404,18.480271352330647,-16.410694379756507,11.866854022106272,-1.1381498013627613
17.25,0.25,38.666666666666664,36.13707165109028,6.0308449331602105,12.829922627473252,18.860767560633462,-17.27630409045682,11.805419758026742,-1.1995840654422913
17.5,0.25,39.99999999999999,37.38317757009344,6.037353136904812,13.199618429900852,19.236971566805664,-18.146206003287773,11.743577259482466,-1.2614265639865678
17.75,0.25,41.333333333333336,38.62928348909648,6.043677255039938,13.565270506209458,19.608947761249397,-19.020335727847083,11.68133470731743,-1.3236691161516045
18.0,0.25,42.666666666666664,39.875389408099636,6.049824989413082,13.926944135442795,19.976769124855878,-19.89862028324376,11.61870013256844,-1.3863036909005935
18.25,0.25,43.99999999999999,41.12149532710279,6.055803618113941,14.284703169440945,20.340506787554887,-20.780988539547906,11.555681419635622,-1.4493224038334116
18.5,0.25,45.333333333333336,42.367601246105835,6.061620024219906,14.638610063313308,20.700230087533214,-21.66737115857262,11.492286309373306,-1.512717514095728
18.75,0.25,46.666666666666664,43.61370716510899,6.067280722246437,14.98872590592373,21.056006628170167,-22.557700536938825,11.428522402103981,-1.5764814213650524
19.0,0.25,47.99999999999999,44.85981308411215,6.072791882489696,15.335110450303318,21.407902332793014,-23.451910751319133,11.364397160557099,-1.6406066629119351
19.25,0.25,49.333333333333336,46.10591900311519,6.078159353457522,15.677852315336963,21.756011668794486,-24.349907334320704,11.299917912735392,-1.7050859107336418
19.5,0.25,50.666666666666664,47.35202492211832,6.0833886825887475,16.016997027954858,22.100385710543605,-25.251639211574712,11.235091854710735,-1.769911968758299
19.75,0.25,51.99999999999999,48.598130841121474,6.088485135374981,16.352584638807457,22.441069774182438,-26.157061066939036,11.169926053351487,-1.8350777701175467
20.0,0.25,53.333333333333336,49.84423676012452,6.09345371304903,16.68466982490554,22.77812353795457,-27.066113222169946,11.104427448983452,-1.9005763744855813
10.0,0.3,0.0,0.0,0.0,0.0,0.0,0.0,12.4118454405765,0.0
10.25,0.3,1.3333333333333286,1.2461059190030142,1.526276945662289,0.5119909827047877,2.038267928367077,0.7921620093640627,12.461975185690193,0.0501297451136935
10.5,0.3,2.6666666666666643,2.492211838006199,2.9754304781698693,1.0690991526460039,4.044529630815873,1.5523177928096743,12.510246169244365,0.09840072866786542
10.75,0.3,4.0,3.7383177570093267,4.352634960272667,1.6669238787119411,6.019558838984608,2.2812410819752813,12.556691881848437,0.14484644127193746
11.0,0.3,5.333333333333329,4.984423676012398,5.662589745662331,2.3015626477690603,7.964152393431391,2.9797287174189933,12.601345943282107,0.1895005027056076
11.210476464413189,0.3,6.455874476870335,6.033527548476968,6.716474790205439,2.861795869564162,9.5782706597696,3.5447431112926324,12.637575511043845,0.22573007046734617
11.25,0.3,6.666666666666664,6.2305295950155255,6.718961486707599,2.9522695566954553,9.671231043403054,3.4407014483875287,12.631036427208098,0.21919098663159886
11.5,0.3,8.0,7.476635514018653,6.734292110947308,3.5204904532870387,10.254782564234347,2.7781470502156935,12.589256217815606,0.17741077723910692
11.75,0.3,9.333333333333329,8.722741433021724,6.748966195201319,4.081568888211223,10.830535083412542,2.1077936503908177,12.54676778991322,0.13492234933672087
12.0,0.3,10.666666666666664,9.968847352024852,6.7630250354282,4.635628782867116,11.398653818295315,1.4298064662704633,12.503583544267128,0.09173810369062885
12.25,0.3,11.999999999999993,11.214953271028037,6.776506534972214,5.182850416252336,11.95935695122455,0.7444036801965126,12.459715659368978,0.04787021879247888
12.5,0.3,13.333333333333336,12.461059190031051,6.789448226460308,5.723283184487286,12.512731410947595,0.051672220916543665,12.415176096259847,0.003330655683347672
12.75,0.3,14.666666666666664,13.707165109034236,6.80188377843308,6.2570581074418214,13.058941885874901,-0.6482232231593343,12.369976603211299,-0.041868837365200307
13.0,0.3,15.999999999999993,14.953271028037364,6.813838293684398,6.784351546601329,13.598189840285727,-1.3550811877516367,12.324128720271622,-0.08771672030487743
13.25,0.3,17.333333333333336,16.199376947040435,6.825339156916243,7.305216291474039,14.130555448390282,-2.068821498650152,12.277643783683278,-0.1342016568932216
13.5,0.3,18.666666666666664,17.445482866043562,6.836411712710174,7.819768194956168,14.656179907666342,-2.7893029583772204,12.230532930178118,-0.18131251039838148
13.75,0.3,19.999999999999993,18.69158878504669,6.84707945204957,8.32814948677526,15.17522893882483,-3.51635984622186,12.182807101155646,-0.22903833942085328
14.0,0.3,21.333333333333336,19.93769470404976,6.857364178756711,8.830471460412127,15.687835639168838,-4.249859064880923,12.134477046749033,-0.2773683938274658
14.25,0.3,22.666666666666664,21.18380062305289,6.867286158292131,9.326811187461999,16.19409734575413,-4.989703277298759,12.08555332978402,-0.32629211079247966
14.5,0.3,23.999999999999993,22.429906542056074,6.876864251097345,9.81727547281082,16.694139723908165,-5.7357668181479085,12.036046329634607,-0.3757991109418928
14.75,0.3,25.333333333333336,23.676012461059088,6.886116032290943,10.301968863303728,17.18808489559467,-6.4879275654644175,11.98596624597937,-0.42587919459712964
15.0,0.3,26.666666666666664,24.922118380062273,6.895057899330709,10.781021641532448,17.676079540863157,-7.246038839199116,11.935323102462478,-0.47652233811402134
15.25,0.3,27.999999999999993,26.1682242990654,6.903705169045452,11.25451760402882,18.15822277307427,-8.010001525991129,11.884126750262434,-0.5277186903140656
15.5,0.3,29.333333333333336,27.41433021806847,6.912072165205814,11.722539715357243,18.634611880563057,-8.779718337505415,11.832386871571883,-0.5794585690046166
15.75,0.3,30.666666666666664,28.6604361370716,6.920172297741942,12.185183743619973,19.105356041361915,-9.555080095709684,11.780112982991618,-0.6317324575848815
16.0,0.3,31.999999999999993,29.906542056074727,6.928018134467379,12.642543333510503,19.570561467977882,-10.335980588096845,11.727314438841479,-0.6845310017350208
16.25,0.3,33.333333333333336,31.152647975077798,6.9356214661778495,13.094710042489169,20.030331508667018,-11.12231646641078,11.674000434390928,-0.7378450061855713
16.5,0.3,34.666666666666664,32.398753894080926,6.942993365779898,13.541773378764333,20.48476674454423,-11.913987149536695,11.620180009011737,-0.7916654315647627
16.75,0.3,35.99999999999999,33.64485981308411,6.950144242125248,13.983820840604722,20.93396508272997,-12.710894730354141,11.565862049255452,-0.845983391321047
17.0,0.3,37.333333333333336,34.89096573208715,6.9570838890430196,14.420937956678927,21.378021845721946,-13.512943886365207,11.511055291857724,-0.9007901487187748
17.25,0.3,38.666666666666664,36.13707165109028,6.9638215301193895,14.853218180954514,21.817039711073903,-14.320031940016378,11.455768326671748,-0.956077113904751
17.5,0.3,39.99999999999999,37.38317757009344,6.9703658595991556,15.280734125742015,22.25109998534117,-15.132077584752267,11.400009599533108,-1.011835841043391
17.75,0.3,41.333333333333336,38.62928348909648,6.976725079825769,15.703561908205188,22.680286988030957,-15.948996501065523,11.343787415057703,-1.0680580255187966
18.0,0.3,42.666666666666664,39.875389408099636,6.982906935549863,16.121779620187795,23.104686555737658,-16.77070285236198,11.287109939375036,-1.1247355012014637
18.25,0.3,43.99999999999999,41.12149532710279,6.988918745400838,16.535463591392613,23.52438233679345,-17.59711299030934,11.229985202798538,-1.1818602377779612
18.5,0.3,45.333333333333336,42.367601246105835,6.994767430790375,16.944688430617816,23.93945586140819,-18.428145384697643,11.172421102434662,-1.2394243381418377
18.75,0.3,46.666666666666664,43.61370716510899,7.000459542513568,17.349527066592145,24.349986609105713,-19.26372055600328,11.114425404732666,-1.2974200358438335
19.0,0.3,47.99999999999999,44.85981308411215,7.006001285224897,17.750050788355452,24.75605207358035,-20.103761010531798,11.056005747976487,-1.3558396926000125
19.25,0.3,49.333333333333336,46.10591900311519,7.011398539995071,18.146329285093316,25.157727825088386,-20.948191178026804,10.997169644720453,-1.4146757958560467
19.5,0.3,50.666666666666664,47.35202492211832,7.0166568851482225,18.538430867528632,25.555087752676855,-21.796937169441463,10.937924484170406,-1.4739209564060936
19.75,0.3,51.99999999999999,48.598130841121474,7.021781615488067,18.92643711659366,25.948218732081727,-22.649912109039747,10.878277534511481,-1.5335679060650182
20.0,0.3,53.333333333333336,49.84423676012452,7.026777760085906,19.3104007373488,26.337178497434707,-23.50705826268981,10.8182359451842,-1.5936094953922986
10.0,0.35,0.0,0.0,0.0,0.0,0.0,0.0,11.870912443554818,0.0
10.25,0.35,1.3333333333333286,1.2461059190030142,1.7158815139965782,0.5770715961531323,2.2929531101497105,1.0468471911466963,11.934011465352336,0.0630990217975178
10.5,0.35,2.6666666666666643,2.492211838006199,3.349159485470068,1.2048479179181868,4.554007403388255,2.061795565382056,11.995447991271991,0.12453554771717279
10.75,0.35,4.0,3.7383177570093267,4.905122401434937,1.8786019801890461,6.783724381623983,3.0454066246146567,12.055237453189912,0.1843250096350939
11.0,0.35,5.333333333333329,4.984423676012398,6.38861142205144,2.594172832683398,8.982784254734838,3.9983605787224406,12.11339666430872,0.24248422075390152
11.210476464413189,0.35,6.455874476870335,6.033527548476968,7.584727489696093,3.2260803471050394,10.810807836801132,4.777280288324164,12.161109960499012,0.29019751694419327
11.25,0.35,6.666666666666664,6.2305295950155255,7.587226855845188,3.3280389186966204,10.915265774541808,4.684736179526283,12.155619760744663,0.2847073171898451
11.5,0.35,8.0,7.476635514018653,7.602635583415463,3.9683282876404746,11.570963871055937,4.094328357037284,12.120450451596435,0.24953800804161652
11.75,0.35,9.333333333333329,8.722741433021724,7.617384416924892,4.600475813826051,12.217860230750944,3.4951187977292193,12.08453111232189,0.21361866876707225
12.0,0.35,10.666666666666664,9.968847352024852,7.631521466948357,5.224714622182205,12.856236089130562,2.8873887371057094,12.047873528103693,0.17696108454887494
12.25,0.35,11.999999999999993,11.214953271028037,7.64507871266153,5.841096921201256,13.486175633862786,2.2712223628347488,12.010489292859603,0.13957684930478464
12.5,0.35,13.333333333333336,12.461059190031051,7.65809041466764,6.449853258277585,14.107943672945225,1.6468844829141744,11.972389813019293,0.10147736946447417
12.75,0.35,14.666666666666664,13.707165109034236,7.670588856149493,7.051032958661608,14.721621814811101,1.0144567057768654,11.93358631119506,0.06267386764024252
13.0,0.35,15.999999999999993,14.953271028037364,7.682603822099395,7.644869790127245,15.32747361222664,0.3742025841892769,11.894089829751168,0.023177386196350014
13.25,0.35,17.333333333333336,16.199376947040435,7.694162836403734,8.231400270235326,15.92556310663906,-0.2738138404013739,11.853911234278321,-0.017001209276497065
13.5,0.35,18.666666666666664,17.445482866043562,7.705291372433408,8.810837473035463,16.51612884546887,-0.9293540205746922,11.813061216977102,-0.05785122657771602
13.75,0.35,19.999999999999993,18.69158878504669,7.716013040519556,9.38325379637115,17.099266836890706,-1.592321948155984,11.771550299955148,-0.0993621435996701
14.0,0.35,21.333333333333336,19.93769470404976,7.726349755240221,9.948784868127404,17.675134623367626,-2.2625600806821353,11.729388838441926,-0.14152360511289253
14.25,0.35,22.666666666666664,21.18380062305289,7.736321884978338,10.507593173604619,18.243915058582957,-2.9398855644699324,11.686587023924075,-0.18432541963074378
14.5,0.35,23.999999999999993,22.429906542056074,7.745948385946008,11.059739124793168,18.805687510739176,-3.6242190313168976,11.643154887205236,-0.22775755634958195
14.75,0.35,25.333333333333336,23.676012461059088,7.755246922490755,11.60538009785887,19.360627020349625,-4.315385440709463,11.599102301392785,-0.2718101421620336
15.0,0.35,26.666666666666664,24.922118380062273,7.764233975306979,12.14463943217595,19.90887340748293,-5.0132449725793435,11.554438984814357,-0.31647345874046096
15.25,0.35,27.999999999999993,26.1682242990654,7.772924938963229,12.677590242791098,20.450515181754326,-5.717709117311074,11.509174503866827,-0.3617379396879912
15.5,0.35,29.333333333333336,27.41433021806847,7.781334209919464,13.204357069249454,20.98569127916892,-6.428638938899553,11.463318275799608,-0.4075941677552102
15.75,0.35,30.666666666666664,28.6604361370716,7.789475266145587,13.725094358026581,21.514569624172168,-7.145866512899431,11.41687957143519,-0.45403287211962784
16.0,0.35,31.999999999999993,29.906542056074727,7.797360739214923,14.239853276682425,22.037214015897348,-7.869328040177379,11.369867517828263,-0.5010449257265552
16.25,0.35,33.333333333333336,31.152647975077798,7.805002479733616,14.74873988822253,22.553742367956147,-8.598905607121651,11.322291100865744,-0.5486213426890743
16.5,0.35,34.666666666666664,32.398753894080926,7.812411616768145,15.251864667604877,23.064276284373022,-9.334477609707903,11.274159167809447,-0.5967532757453711
16.75,0.35,35.99999999999999,33.64485981308411,7.819598611956394,15.749366781381127,23.56896539333752,-10.07589441974659,11.225480429783067,-0.6454320137717513
17.0,0.35,37.333333333333336,34.89096573208715,7.826573308789079,16.24129723909789,24.06787054788697,-10.823095184200184,11.176263464205228,-0.6946489793495907
17.25,0.35,38.666666666666664,36.13707165109028,7.83334497761507,16.72775266158021,24.56109763919528,-11.575974011895,11.126516717170047,-0.7443957263847718
17.5,0.35,39.99999999999999,37.38317757009344,7.839922356755665,17.208827437426635,25.0487497941823,-12.334427775911138,11.076248505776645,-0.7946639377781732
17.75,0.35,41.333333333333336,38.62928348909648,7.84631369013016,17.684613775857997,25.530927465988157,-13.098356023108323,11.025467020409177,-0.845445423145641
18.0,0.35,42.666666666666664,39.875389408099636,7.85252676174332,18.155222862244614,26.007749623987934,-13.867639784111702,10.974180326968767,-0.8967321165860511
18.25,0.35,43.99999999999999,41.12149532710279,7.858568927313399,18.620733240783125,26.479302168096524,-14.642193159006268,10.922396369058257,-0.9485160744965615
18.5,0.35,45.333333333333336,42.367601246105835,7.864447143325492,19.08121631730728,26.945663460632773,-15.421937785473062,10.870122970121566,-1.0007894734332528
18.75,0.35,46.666666666666664,43.61370716510899,7.870167993766017,19.53675612475388,27.406924118519896,-16.206783046589095,10.817367835538441,-1.0535446080163773
19.0,0.35,47.99999999999999,44.85981308411215,7.875737714724323,19.98743477273206,27.86317248745638,-16.996640596655766,10.764138554675945,-1.1067738888788732
19.25,0.35,49.333333333333336,46.10591900311519,7.881162217063547,20.43333249624368,28.314494713307226,-17.791424289807964,10.71044260289772,-1.1604698406570986
19.5,0.35,50.666666666666664,47.35202492211832,7.886447107364347,20.874527703439867,28.760974810804214,-18.591050111314104,10.656287343532096,-1.2146251000227224
19.75,0.35,51.99999999999999,48.598130841121474,7.891597707248479,21.311097022422928,29.202694729671407,-19.395436111450067,10.601680029800129,-1.2692324137546898
20.0,0.35,53.333333333333336,49.84423676012452,7.8966190712571915,21.743115347035882,29.639734418293074,-20.204502341831443,10.546627806704466,-1.3242846368503525
